2026-05-08 03:20:39.237 INFO  o.h.validator.internal.util.Version - HV000001: Hibernate Validator 9.0.1.Final
2026-05-08 03:20:39.311 INFO  c.b.c.Cmpe172ProjectApplication - Starting Cmpe172ProjectApplication using Java 21.0.9 with PID 21480 (C:\Users\giant\Documents\school\CMPE172Project\build\classes\java\main started by giant in C:\Users\giant\Documents\school\CMPE172Project)
2026-05-08 03:20:39.311 INFO  c.b.c.Cmpe172ProjectApplication - No active profile set, falling back to 1 default profile: "default"
2026-05-08 03:20:41.177 INFO  o.s.boot.tomcat.TomcatWebServer - Tomcat initialized with port 8080 (http)
2026-05-08 03:20:41.202 INFO  o.a.coyote.http11.Http11NioProtocol - Initializing ProtocolHandler ["http-nio-8080"]
2026-05-08 03:20:41.206 INFO  o.a.catalina.core.StandardService - Starting service [Tomcat]
2026-05-08 03:20:41.206 INFO  o.a.catalina.core.StandardEngine - Starting Servlet engine: [Apache Tomcat/11.0.18]
2026-05-08 03:20:41.304 INFO  o.s.b.w.c.s.WebApplicationContextInitializer - Root WebApplicationContext: initialization completed in 1921 ms
2026-05-08 03:20:41.480 INFO  com.zaxxer.hikari.HikariDataSource - HikariPool-1 - Starting...
2026-05-08 03:20:41.846 INFO  com.zaxxer.hikari.pool.HikariPool - HikariPool-1 - Added connection conn0: url=jdbc:h2:mem:testdb user=SA
2026-05-08 03:20:41.847 INFO  com.zaxxer.hikari.HikariDataSource - HikariPool-1 - Start completed.
2026-05-08 03:20:43.590 INFO  o.s.b.w.a.WelcomePageHandlerMapping - Adding welcome page template: index
2026-05-08 03:20:44.045 INFO  o.a.coyote.http11.Http11NioProtocol - Starting ProtocolHandler ["http-nio-8080"]
2026-05-08 03:20:44.075 INFO  o.s.boot.tomcat.TomcatWebServer - Tomcat started on port 8080 (http) with context path '/'
2026-05-08 03:20:44.086 INFO  c.b.c.Cmpe172ProjectApplication - Started Cmpe172ProjectApplication in 5.705 seconds (process running for 6.297)
2026-05-08 03:23:56.381 INFO  o.h.validator.internal.util.Version - HV000001: Hibernate Validator 9.0.1.Final
2026-05-08 03:23:56.438 INFO  c.b.c.Cmpe172ProjectApplication - Starting Cmpe172ProjectApplication using Java 21.0.9 with PID 46028 (C:\Users\giant\Documents\school\CMPE172Project\build\classes\java\main started by giant in C:\Users\giant\Documents\school\CMPE172Project)
2026-05-08 03:23:56.438 INFO  c.b.c.Cmpe172ProjectApplication - No active profile set, falling back to 1 default profile: "default"
2026-05-08 03:23:57.958 INFO  o.s.boot.tomcat.TomcatWebServer - Tomcat initialized with port 8080 (http)
2026-05-08 03:23:57.979 INFO  o.a.coyote.http11.Http11NioProtocol - Initializing ProtocolHandler ["http-nio-8080"]
2026-05-08 03:23:57.986 INFO  o.a.catalina.core.StandardService - Starting service [Tomcat]
2026-05-08 03:23:57.987 INFO  o.a.catalina.core.StandardEngine - Starting Servlet engine: [Apache Tomcat/11.0.18]
2026-05-08 03:23:58.101 INFO  o.s.b.w.c.s.WebApplicationContextInitializer - Root WebApplicationContext: initialization completed in 1600 ms
2026-05-08 03:23:58.270 INFO  com.zaxxer.hikari.HikariDataSource - HikariPool-1 - Starting...
2026-05-08 03:23:58.535 INFO  com.zaxxer.hikari.pool.HikariPool - HikariPool-1 - Added connection conn0: url=jdbc:h2:mem:testdb user=SA
2026-05-08 03:23:58.539 INFO  com.zaxxer.hikari.HikariDataSource - HikariPool-1 - Start completed.
2026-05-08 03:24:00.879 INFO  o.s.b.w.a.WelcomePageHandlerMapping - Adding welcome page template: index
2026-05-08 03:24:01.234 INFO  o.a.coyote.http11.Http11NioProtocol - Starting ProtocolHandler ["http-nio-8080"]
2026-05-08 03:24:01.259 INFO  o.s.boot.tomcat.TomcatWebServer - Tomcat started on port 8080 (http) with context path '/'
2026-05-08 03:24:01.267 INFO  c.b.c.Cmpe172ProjectApplication - Started Cmpe172ProjectApplication in 5.604 seconds (process running for 6.147)
2026-05-08 03:24:04.844 INFO  o.a.c.c.C.[Tomcat].[localhost].[/] - Initializing Spring DispatcherServlet 'dispatcherServlet'
2026-05-08 03:24:04.845 INFO  o.s.web.servlet.DispatcherServlet - Initializing Servlet 'dispatcherServlet'
2026-05-08 03:24:04.845 INFO  o.s.web.servlet.DispatcherServlet - Completed initialization in 0 ms
2026-05-08 03:24:05.578 INFO  c.b.c.c.AppointmentController - GET /slots — returned 8 available slots
2026-05-08 03:33:10.945 INFO  c.b.c.c.AppointmentController - GET /slots — returned 8 available slots
2026-05-08 03:33:13.142 INFO  c.b.c.c.AppointmentController - Booking form served for slotId=3
2026-05-08 03:33:40.045 INFO  c.b.c.c.AppointmentController - Booking form served for slotId=3
2026-05-08 03:33:41.275 INFO  c.b.c.c.AppointmentController - GET /slots — returned 8 available slots
2026-05-08 03:33:46.232 INFO  c.b.c.c.AppointmentController - GET /slots — returned 8 available slots
2026-05-08 03:35:45.867 INFO  c.b.c.c.AppointmentController - GET /slots — returned 8 available slots
2026-05-08 03:36:02.584 INFO  o.h.validator.internal.util.Version - HV000001: Hibernate Validator 9.0.1.Final
2026-05-08 03:36:02.654 INFO  c.b.c.Cmpe172ProjectApplication - Starting Cmpe172ProjectApplication using Java 21.0.9 with PID 37608 (C:\Users\giant\Documents\school\CMPE172Project\build\classes\java\main started by giant in C:\Users\giant\Documents\school\CMPE172Project)
2026-05-08 03:36:02.657 INFO  c.b.c.Cmpe172ProjectApplication - No active profile set, falling back to 1 default profile: "default"
2026-05-08 03:36:04.925 INFO  o.s.boot.tomcat.TomcatWebServer - Tomcat initialized with port 8080 (http)
2026-05-08 03:36:04.973 INFO  o.a.coyote.http11.Http11NioProtocol - Initializing ProtocolHandler ["http-nio-8080"]
2026-05-08 03:36:04.978 INFO  o.a.catalina.core.StandardService - Starting service [Tomcat]
2026-05-08 03:36:04.979 INFO  o.a.catalina.core.StandardEngine - Starting Servlet engine: [Apache Tomcat/11.0.18]
2026-05-08 03:36:05.157 INFO  o.s.b.w.c.s.WebApplicationContextInitializer - Root WebApplicationContext: initialization completed in 2436 ms
2026-05-08 03:36:05.239 INFO  c.b.c.c.AppointmentController - GET /slots — returned 8 available slots
2026-05-08 03:36:05.476 INFO  com.zaxxer.hikari.HikariDataSource - HikariPool-1 - Starting...
2026-05-08 03:36:05.930 INFO  com.zaxxer.hikari.pool.HikariPool - HikariPool-1 - Added connection conn0: url=jdbc:h2:mem:testdb user=SA
2026-05-08 03:36:05.934 INFO  com.zaxxer.hikari.HikariDataSource - HikariPool-1 - Start completed.
2026-05-08 03:36:07.270 INFO  c.b.c.c.AppointmentController - Booking form served for slotId=8
2026-05-08 03:36:09.485 INFO  o.s.b.w.a.WelcomePageHandlerMapping - Adding welcome page template: index
2026-05-08 03:36:09.854 INFO  o.a.coyote.http11.Http11NioProtocol - Starting ProtocolHandler ["http-nio-8080"]
2026-05-08 03:36:09.870 WARN  o.s.b.w.s.s.c.AnnotationConfigServletWebServerApplicationContext - Exception encountered during context initialization - cancelling refresh attempt: org.springframework.context.ApplicationContextException: Failed to start bean 'webServerStartStop'
2026-05-08 03:36:09.870 INFO  com.zaxxer.hikari.HikariDataSource - HikariPool-1 - Shutdown initiated...
2026-05-08 03:36:09.876 INFO  com.zaxxer.hikari.HikariDataSource - HikariPool-1 - Shutdown completed.
2026-05-08 03:36:09.888 INFO  o.s.b.a.l.ConditionEvaluationReportLogger - 

Error starting ApplicationContext. To display the condition evaluation report re-run your application with 'debug' enabled.
2026-05-08 03:36:09.905 ERROR o.s.b.d.LoggingFailureAnalysisReporter - 

***************************
APPLICATION FAILED TO START
***************************

Description:

Web server failed to start. Port 8080 was already in use.

Action:

Identify and stop the process that's listening on port 8080 or configure this application to listen on another port.

2026-05-08 03:37:12.007 INFO  o.h.validator.internal.util.Version - HV000001: Hibernate Validator 9.0.1.Final
2026-05-08 03:37:12.059 INFO  c.b.c.Cmpe172ProjectApplication - Starting Cmpe172ProjectApplication using Java 21.0.9 with PID 10248 (C:\Users\giant\Documents\school\CMPE172Project\build\classes\java\main started by giant in C:\Users\giant\Documents\school\CMPE172Project)
2026-05-08 03:37:12.061 INFO  c.b.c.Cmpe172ProjectApplication - No active profile set, falling back to 1 default profile: "default"
2026-05-08 03:37:13.717 INFO  o.s.boot.tomcat.TomcatWebServer - Tomcat initialized with port 8080 (http)
2026-05-08 03:37:13.739 INFO  o.a.coyote.http11.Http11NioProtocol - Initializing ProtocolHandler ["http-nio-8080"]
2026-05-08 03:37:13.739 INFO  o.a.catalina.core.StandardService - Starting service [Tomcat]
2026-05-08 03:37:13.739 INFO  o.a.catalina.core.StandardEngine - Starting Servlet engine: [Apache Tomcat/11.0.18]
2026-05-08 03:37:13.836 INFO  o.s.b.w.c.s.WebApplicationContextInitializer - Root WebApplicationContext: initialization completed in 1717 ms
2026-05-08 03:37:13.980 INFO  com.zaxxer.hikari.HikariDataSource - HikariPool-1 - Starting...
2026-05-08 03:37:14.223 INFO  com.zaxxer.hikari.pool.HikariPool - HikariPool-1 - Added connection conn0: url=jdbc:h2:mem:testdb user=SA
2026-05-08 03:37:14.232 INFO  com.zaxxer.hikari.HikariDataSource - HikariPool-1 - Start completed.
2026-05-08 03:37:16.710 INFO  o.s.b.w.a.WelcomePageHandlerMapping - Adding welcome page template: index
2026-05-08 03:37:17.057 INFO  o.a.coyote.http11.Http11NioProtocol - Starting ProtocolHandler ["http-nio-8080"]
2026-05-08 03:37:17.066 WARN  o.s.b.w.s.s.c.AnnotationConfigServletWebServerApplicationContext - Exception encountered during context initialization - cancelling refresh attempt: org.springframework.context.ApplicationContextException: Failed to start bean 'webServerStartStop'
2026-05-08 03:37:17.070 INFO  com.zaxxer.hikari.HikariDataSource - HikariPool-1 - Shutdown initiated...
2026-05-08 03:37:17.072 INFO  com.zaxxer.hikari.HikariDataSource - HikariPool-1 - Shutdown completed.
2026-05-08 03:37:17.086 INFO  o.s.b.a.l.ConditionEvaluationReportLogger - 

Error starting ApplicationContext. To display the condition evaluation report re-run your application with 'debug' enabled.
2026-05-08 03:37:17.103 ERROR o.s.b.d.LoggingFailureAnalysisReporter - 

***************************
APPLICATION FAILED TO START
***************************

Description:

Web server failed to start. Port 8080 was already in use.

Action:

Identify and stop the process that's listening on port 8080 or configure this application to listen on another port.

2026-05-08 03:38:28.991 INFO  o.h.validator.internal.util.Version - HV000001: Hibernate Validator 9.0.1.Final
2026-05-08 03:38:29.050 INFO  c.b.c.Cmpe172ProjectApplication - Starting Cmpe172ProjectApplication using Java 21.0.9 with PID 5708 (C:\Users\giant\Documents\school\CMPE172Project\build\classes\java\main started by giant in C:\Users\giant\Documents\school\CMPE172Project)
2026-05-08 03:38:29.051 INFO  c.b.c.Cmpe172ProjectApplication - No active profile set, falling back to 1 default profile: "default"
2026-05-08 03:38:30.601 INFO  o.s.boot.tomcat.TomcatWebServer - Tomcat initialized with port 8080 (http)
2026-05-08 03:38:30.627 INFO  o.a.coyote.http11.Http11NioProtocol - Initializing ProtocolHandler ["http-nio-8080"]
2026-05-08 03:38:30.628 INFO  o.a.catalina.core.StandardService - Starting service [Tomcat]
2026-05-08 03:38:30.631 INFO  o.a.catalina.core.StandardEngine - Starting Servlet engine: [Apache Tomcat/11.0.18]
2026-05-08 03:38:30.741 INFO  o.s.b.w.c.s.WebApplicationContextInitializer - Root WebApplicationContext: initialization completed in 1633 ms
2026-05-08 03:38:30.922 INFO  com.zaxxer.hikari.HikariDataSource - HikariPool-1 - Starting...
2026-05-08 03:38:31.189 INFO  com.zaxxer.hikari.pool.HikariPool - HikariPool-1 - Added connection conn0: url=jdbc:h2:mem:testdb user=SA
2026-05-08 03:38:31.196 INFO  com.zaxxer.hikari.HikariDataSource - HikariPool-1 - Start completed.
2026-05-08 03:38:32.932 INFO  o.s.b.w.a.WelcomePageHandlerMapping - Adding welcome page template: index
2026-05-08 03:38:33.617 INFO  o.a.coyote.http11.Http11NioProtocol - Starting ProtocolHandler ["http-nio-8080"]
2026-05-08 03:38:33.630 WARN  o.s.b.w.s.s.c.AnnotationConfigServletWebServerApplicationContext - Exception encountered during context initialization - cancelling refresh attempt: org.springframework.context.ApplicationContextException: Failed to start bean 'webServerStartStop'
2026-05-08 03:38:33.634 INFO  com.zaxxer.hikari.HikariDataSource - HikariPool-1 - Shutdown initiated...
2026-05-08 03:38:33.636 INFO  com.zaxxer.hikari.HikariDataSource - HikariPool-1 - Shutdown completed.
2026-05-08 03:38:33.645 INFO  o.s.b.a.l.ConditionEvaluationReportLogger - 

Error starting ApplicationContext. To display the condition evaluation report re-run your application with 'debug' enabled.
2026-05-08 03:38:33.669 ERROR o.s.b.d.LoggingFailureAnalysisReporter - 

***************************
APPLICATION FAILED TO START
***************************

Description:

Web server failed to start. Port 8080 was already in use.

Action:

Identify and stop the process that's listening on port 8080 or configure this application to listen on another port.

2026-05-08 03:41:49.073 INFO  c.b.c.c.AppointmentController - GET /slots — returned 8 available slots
2026-05-08 03:41:50.418 INFO  c.b.c.c.AppointmentController - Booking form served for slotId=3
2026-05-08 03:45:15.752 INFO  o.h.validator.internal.util.Version - HV000001: Hibernate Validator 9.0.1.Final
2026-05-08 03:45:15.817 INFO  c.b.c.Cmpe172ProjectApplication - Starting Cmpe172ProjectApplication using Java 21.0.9 with PID 32988 (C:\Users\giant\Documents\school\CMPE172Project\build\classes\java\main started by giant in C:\Users\giant\Documents\school\CMPE172Project)
2026-05-08 03:45:15.817 INFO  c.b.c.Cmpe172ProjectApplication - No active profile set, falling back to 1 default profile: "default"
2026-05-08 03:45:17.998 INFO  o.s.boot.tomcat.TomcatWebServer - Tomcat initialized with port 8080 (http)
2026-05-08 03:45:18.036 INFO  o.a.coyote.http11.Http11NioProtocol - Initializing ProtocolHandler ["http-nio-8080"]
2026-05-08 03:45:18.038 INFO  o.a.catalina.core.StandardService - Starting service [Tomcat]
2026-05-08 03:45:18.038 INFO  o.a.catalina.core.StandardEngine - Starting Servlet engine: [Apache Tomcat/11.0.18]
2026-05-08 03:45:18.185 INFO  o.s.b.w.c.s.WebApplicationContextInitializer - Root WebApplicationContext: initialization completed in 2305 ms
2026-05-08 03:45:18.501 INFO  com.zaxxer.hikari.HikariDataSource - HikariPool-1 - Starting...
2026-05-08 03:45:18.991 INFO  com.zaxxer.hikari.pool.HikariPool - HikariPool-1 - Added connection conn0: url=jdbc:h2:mem:testdb user=SA
2026-05-08 03:45:18.999 INFO  com.zaxxer.hikari.HikariDataSource - HikariPool-1 - Start completed.
2026-05-08 03:45:19.540 INFO  c.b.c.c.AppointmentController - Booking form served for slotId=1
2026-05-08 03:45:22.457 INFO  o.s.b.w.a.WelcomePageHandlerMapping - Adding welcome page template: index
2026-05-08 03:45:23.202 INFO  o.a.coyote.http11.Http11NioProtocol - Starting ProtocolHandler ["http-nio-8080"]
2026-05-08 03:45:23.222 WARN  o.s.b.w.s.s.c.AnnotationConfigServletWebServerApplicationContext - Exception encountered during context initialization - cancelling refresh attempt: org.springframework.context.ApplicationContextException: Failed to start bean 'webServerStartStop'
2026-05-08 03:45:23.230 INFO  com.zaxxer.hikari.HikariDataSource - HikariPool-1 - Shutdown initiated...
2026-05-08 03:45:23.238 INFO  com.zaxxer.hikari.HikariDataSource - HikariPool-1 - Shutdown completed.
2026-05-08 03:45:23.272 INFO  o.s.b.a.l.ConditionEvaluationReportLogger - 

Error starting ApplicationContext. To display the condition evaluation report re-run your application with 'debug' enabled.
2026-05-08 03:45:23.313 ERROR o.s.b.d.LoggingFailureAnalysisReporter - 

***************************
APPLICATION FAILED TO START
***************************

Description:

Web server failed to start. Port 8080 was already in use.

Action:

Identify and stop the process that's listening on port 8080 or configure this application to listen on another port.

2026-05-08 03:49:04.239 INFO  c.b.c.c.AppointmentController - Booking form served for slotId=1
2026-05-08 03:51:24.692 INFO  c.b.c.c.AppointmentController - Booking form served for slotId=1
2026-05-08 03:57:20.520 INFO  c.b.c.c.AppointmentController - Booking form served for slotId=1
2026-05-08 04:03:22.429 INFO  o.h.validator.internal.util.Version - HV000001: Hibernate Validator 9.0.1.Final
2026-05-08 04:03:22.473 INFO  c.b.c.Cmpe172ProjectApplication - Starting Cmpe172ProjectApplication using Java 21.0.9 with PID 21604 (C:\Users\giant\Documents\school\CMPE172Project\build\classes\java\main started by giant in C:\Users\giant\Documents\school\CMPE172Project)
2026-05-08 04:03:22.475 INFO  c.b.c.Cmpe172ProjectApplication - No active profile set, falling back to 1 default profile: "default"
2026-05-08 04:03:23.982 INFO  o.s.boot.tomcat.TomcatWebServer - Tomcat initialized with port 8080 (http)
2026-05-08 04:03:24.005 INFO  o.a.coyote.http11.Http11NioProtocol - Initializing ProtocolHandler ["http-nio-8080"]
2026-05-08 04:03:24.005 INFO  o.a.catalina.core.StandardService - Starting service [Tomcat]
2026-05-08 04:03:24.005 INFO  o.a.catalina.core.StandardEngine - Starting Servlet engine: [Apache Tomcat/11.0.18]
2026-05-08 04:03:24.133 INFO  o.s.b.w.c.s.WebApplicationContextInitializer - Root WebApplicationContext: initialization completed in 1586 ms
2026-05-08 04:03:24.320 INFO  com.zaxxer.hikari.HikariDataSource - HikariPool-1 - Starting...
2026-05-08 04:03:24.563 INFO  com.zaxxer.hikari.pool.HikariPool - HikariPool-1 - Added connection conn0: url=jdbc:h2:mem:testdb user=SA
2026-05-08 04:03:24.567 INFO  com.zaxxer.hikari.HikariDataSource - HikariPool-1 - Start completed.
2026-05-08 04:03:25.694 INFO  o.s.b.w.a.WelcomePageHandlerMapping - Adding welcome page template: index
2026-05-08 04:03:26.081 INFO  o.a.coyote.http11.Http11NioProtocol - Starting ProtocolHandler ["http-nio-8080"]
2026-05-08 04:03:26.089 WARN  o.s.b.w.s.s.c.AnnotationConfigServletWebServerApplicationContext - Exception encountered during context initialization - cancelling refresh attempt: org.springframework.context.ApplicationContextException: Failed to start bean 'webServerStartStop'
2026-05-08 04:03:26.098 INFO  com.zaxxer.hikari.HikariDataSource - HikariPool-1 - Shutdown initiated...
2026-05-08 04:03:26.098 INFO  com.zaxxer.hikari.HikariDataSource - HikariPool-1 - Shutdown completed.
2026-05-08 04:03:26.108 INFO  o.s.b.a.l.ConditionEvaluationReportLogger - 

Error starting ApplicationContext. To display the condition evaluation report re-run your application with 'debug' enabled.
2026-05-08 04:03:26.132 ERROR o.s.b.d.LoggingFailureAnalysisReporter - 

***************************
APPLICATION FAILED TO START
***************************

Description:

Web server failed to start. Port 8080 was already in use.

Action:

Identify and stop the process that's listening on port 8080 or configure this application to listen on another port.

2026-05-08 04:03:37.435 INFO  c.b.c.c.AppointmentController - Booking form served for slotId=1
2026-05-08 04:03:55.524 INFO  o.h.validator.internal.util.Version - HV000001: Hibernate Validator 9.0.1.Final
2026-05-08 04:03:55.589 INFO  c.b.c.Cmpe172ProjectApplication - Starting Cmpe172ProjectApplication using Java 21.0.9 with PID 40404 (C:\Users\giant\Documents\school\CMPE172Project\build\classes\java\main started by giant in C:\Users\giant\Documents\school\CMPE172Project)
2026-05-08 04:03:55.597 INFO  c.b.c.Cmpe172ProjectApplication - No active profile set, falling back to 1 default profile: "default"
2026-05-08 04:03:57.140 INFO  o.s.boot.tomcat.TomcatWebServer - Tomcat initialized with port 8080 (http)
2026-05-08 04:03:57.162 INFO  o.a.coyote.http11.Http11NioProtocol - Initializing ProtocolHandler ["http-nio-8080"]
2026-05-08 04:03:57.165 INFO  o.a.catalina.core.StandardService - Starting service [Tomcat]
2026-05-08 04:03:57.165 INFO  o.a.catalina.core.StandardEngine - Starting Servlet engine: [Apache Tomcat/11.0.18]
2026-05-08 04:03:57.288 INFO  o.s.b.w.c.s.WebApplicationContextInitializer - Root WebApplicationContext: initialization completed in 1639 ms
2026-05-08 04:03:57.459 INFO  com.zaxxer.hikari.HikariDataSource - HikariPool-1 - Starting...
2026-05-08 04:03:57.714 INFO  com.zaxxer.hikari.pool.HikariPool - HikariPool-1 - Added connection conn0: url=jdbc:h2:mem:testdb user=SA
2026-05-08 04:03:57.714 INFO  com.zaxxer.hikari.HikariDataSource - HikariPool-1 - Start completed.
2026-05-08 04:04:00.857 INFO  o.s.b.w.a.WelcomePageHandlerMapping - Adding welcome page template: index
2026-05-08 04:04:01.164 INFO  o.a.coyote.http11.Http11NioProtocol - Starting ProtocolHandler ["http-nio-8080"]
2026-05-08 04:04:01.178 WARN  o.s.b.w.s.s.c.AnnotationConfigServletWebServerApplicationContext - Exception encountered during context initialization - cancelling refresh attempt: org.springframework.context.ApplicationContextException: Failed to start bean 'webServerStartStop'
2026-05-08 04:04:01.181 INFO  com.zaxxer.hikari.HikariDataSource - HikariPool-1 - Shutdown initiated...
2026-05-08 04:04:01.189 INFO  com.zaxxer.hikari.HikariDataSource - HikariPool-1 - Shutdown completed.
2026-05-08 04:04:01.205 INFO  o.s.b.a.l.ConditionEvaluationReportLogger - 

Error starting ApplicationContext. To display the condition evaluation report re-run your application with 'debug' enabled.
2026-05-08 04:04:01.226 ERROR o.s.b.d.LoggingFailureAnalysisReporter - 

***************************
APPLICATION FAILED TO START
***************************

Description:

Web server failed to start. Port 8080 was already in use.

Action:

Identify and stop the process that's listening on port 8080 or configure this application to listen on another port.

2026-05-08 04:04:11.964 INFO  c.b.c.c.AppointmentController - Booking form served for slotId=1
2026-05-08 04:04:57.558 INFO  o.h.validator.internal.util.Version - HV000001: Hibernate Validator 9.0.1.Final
2026-05-08 04:04:57.641 INFO  c.b.c.Cmpe172ProjectApplication - Starting Cmpe172ProjectApplication using Java 21.0.9 with PID 13020 (C:\Users\giant\Documents\school\CMPE172Project\build\classes\java\main started by giant in C:\Users\giant\Documents\school\CMPE172Project)
2026-05-08 04:04:57.642 INFO  c.b.c.Cmpe172ProjectApplication - No active profile set, falling back to 1 default profile: "default"
2026-05-08 04:04:59.335 INFO  o.s.boot.tomcat.TomcatWebServer - Tomcat initialized with port 8080 (http)
2026-05-08 04:04:59.355 INFO  o.a.coyote.http11.Http11NioProtocol - Initializing ProtocolHandler ["http-nio-8080"]
2026-05-08 04:04:59.355 INFO  o.a.catalina.core.StandardService - Starting service [Tomcat]
2026-05-08 04:04:59.355 INFO  o.a.catalina.core.StandardEngine - Starting Servlet engine: [Apache Tomcat/11.0.18]
2026-05-08 04:04:59.447 INFO  o.s.b.w.c.s.WebApplicationContextInitializer - Root WebApplicationContext: initialization completed in 1745 ms
2026-05-08 04:04:59.611 INFO  com.zaxxer.hikari.HikariDataSource - HikariPool-1 - Starting...
2026-05-08 04:04:59.877 INFO  com.zaxxer.hikari.pool.HikariPool - HikariPool-1 - Added connection conn0: url=jdbc:h2:mem:testdb user=SA
2026-05-08 04:04:59.877 INFO  com.zaxxer.hikari.HikariDataSource - HikariPool-1 - Start completed.
2026-05-08 04:05:01.503 INFO  o.s.b.w.a.WelcomePageHandlerMapping - Adding welcome page template: index
2026-05-08 04:05:01.855 INFO  o.a.coyote.http11.Http11NioProtocol - Starting ProtocolHandler ["http-nio-8080"]
2026-05-08 04:05:01.880 WARN  o.s.b.w.s.s.c.AnnotationConfigServletWebServerApplicationContext - Exception encountered during context initialization - cancelling refresh attempt: org.springframework.context.ApplicationContextException: Failed to start bean 'webServerStartStop'
2026-05-08 04:05:01.882 INFO  com.zaxxer.hikari.HikariDataSource - HikariPool-1 - Shutdown initiated...
2026-05-08 04:05:01.882 INFO  com.zaxxer.hikari.HikariDataSource - HikariPool-1 - Shutdown completed.
2026-05-08 04:05:01.896 INFO  o.s.b.a.l.ConditionEvaluationReportLogger - 

Error starting ApplicationContext. To display the condition evaluation report re-run your application with 'debug' enabled.
2026-05-08 04:05:01.912 ERROR o.s.b.d.LoggingFailureAnalysisReporter - 

***************************
APPLICATION FAILED TO START
***************************

Description:

Web server failed to start. Port 8080 was already in use.

Action:

Identify and stop the process that's listening on port 8080 or configure this application to listen on another port.

2026-05-08 04:07:37.385 INFO  o.h.validator.internal.util.Version - HV000001: Hibernate Validator 9.0.1.Final
2026-05-08 04:07:37.459 INFO  c.b.c.Cmpe172ProjectApplication - Starting Cmpe172ProjectApplication using Java 21.0.9 with PID 8332 (C:\Users\giant\Documents\school\CMPE172Project\build\classes\java\main started by giant in C:\Users\giant\Documents\school\CMPE172Project)
2026-05-08 04:07:37.459 DEBUG c.b.c.Cmpe172ProjectApplication - Running with Spring Boot v4.0.3, Spring v7.0.5
2026-05-08 04:07:37.460 INFO  c.b.c.Cmpe172ProjectApplication - No active profile set, falling back to 1 default profile: "default"
2026-05-08 04:07:39.192 INFO  o.s.boot.tomcat.TomcatWebServer - Tomcat initialized with port 8080 (http)
2026-05-08 04:07:39.215 INFO  o.a.coyote.http11.Http11NioProtocol - Initializing ProtocolHandler ["http-nio-8080"]
2026-05-08 04:07:39.216 INFO  o.a.catalina.core.StandardService - Starting service [Tomcat]
2026-05-08 04:07:39.216 INFO  o.a.catalina.core.StandardEngine - Starting Servlet engine: [Apache Tomcat/11.0.18]
2026-05-08 04:07:39.318 INFO  o.s.b.w.c.s.WebApplicationContextInitializer - Root WebApplicationContext: initialization completed in 1788 ms
2026-05-08 04:07:39.418 DEBUG c.b.c.RequestLoggingFilter - Filter 'requestLoggingFilter' configured for use
2026-05-08 04:07:39.523 INFO  com.zaxxer.hikari.HikariDataSource - HikariPool-1 - Starting...
2026-05-08 04:07:39.779 INFO  com.zaxxer.hikari.pool.HikariPool - HikariPool-1 - Added connection conn0: url=jdbc:h2:mem:testdb user=SA
2026-05-08 04:07:39.787 INFO  com.zaxxer.hikari.HikariDataSource - HikariPool-1 - Start completed.
2026-05-08 04:07:40.189 INFO  o.s.s.c.a.a.c.InitializeUserDetailsBeanManagerConfigurer$InitializeUserDetailsManagerConfigurer - Global AuthenticationManager configured with UserDetailsService bean with name userDetailsService
2026-05-08 04:07:42.383 DEBUG o.s.s.web.DefaultSecurityFilterChain - Will secure org.springframework.security.config.annotation.web.configurers.oauth2.server.authorization.OAuth2AuthorizationServerConfigurer$$Lambda/0x00000155a2569540@11148dc2 with filters: DisableEncodeUrlFilter, WebAsyncManagerIntegrationFilter, SecurityContextHolderFilter, AuthorizationServerContextFilter, HeaderWriterFilter, CorsFilter, CsrfFilter, LogoutFilter, OAuth2AuthorizationServerMetadataEndpointFilter, OAuth2AuthorizationCodeRequestValidatingFilter, NimbusJwkSetEndpointFilter, OAuth2ClientAuthenticationFilter, RequestCacheAwareFilter, SecurityContextHolderAwareRequestFilter, AnonymousAuthenticationFilter, ExceptionTranslationFilter, OAuth2AuthorizationEndpointFilter, OAuth2TokenEndpointFilter, OAuth2TokenIntrospectionEndpointFilter, OAuth2TokenRevocationEndpointFilter
2026-05-08 04:07:42.505 DEBUG o.s.s.web.DefaultSecurityFilterChain - Will secure Or [PathPattern [/add]] with filters: DisableEncodeUrlFilter, WebAsyncManagerIntegrationFilter, SecurityContextHolderFilter, HeaderWriterFilter, CorsFilter, CsrfFilter, LogoutFilter, OAuth2ProtectedResourceMetadataFilter, BearerTokenAuthenticationFilter, AuthenticationFilter, RequestCacheAwareFilter, SecurityContextHolderAwareRequestFilter, AnonymousAuthenticationFilter, ExceptionTranslationFilter, AuthorizationFilter
2026-05-08 04:07:42.576 DEBUG o.s.s.web.DefaultSecurityFilterChain - Will secure any request with filters: DisableEncodeUrlFilter, WebAsyncManagerIntegrationFilter, SecurityContextHolderFilter, HeaderWriterFilter, CorsFilter, CsrfFilter, LogoutFilter, UsernamePasswordAuthenticationFilter, RequestCacheAwareFilter, SecurityContextHolderAwareRequestFilter, AnonymousAuthenticationFilter, ExceptionTranslationFilter, AuthorizationFilter
2026-05-08 04:07:42.654 INFO  o.s.b.w.a.WelcomePageHandlerMapping - Adding welcome page template: index
2026-05-08 04:07:42.756 TRACE o.s.w.s.m.m.a.RequestMappingHandlerMapping - 
	c.b.c.AppointmentNotificationController:
	{POST [/appointments/{id}/notify]}: notifyAppointment(long)
2026-05-08 04:07:42.771 TRACE o.s.w.s.m.m.a.RequestMappingHandlerMapping - 
	c.b.c.c.AdminController:
	{POST [/admin/notify/{id}]}: notify(long)
	{POST [/admin/cancel/{id}]}: cancel(long)
	{GET [/admin/dashboard]}: dashboard(Model)
2026-05-08 04:07:42.771 TRACE o.s.w.s.m.m.a.RequestMappingHandlerMapping - 
	c.b.c.c.AppointmentController:
	{GET [/confirmation]}: confirmation(Model)
	{POST [/book]}: submitBooking(long,String,String,String,RedirectAttributes)
	{GET [/appointments]}: listAppointments(Model)
	{GET [/slots]}: listSlots(Model)
	{GET [/book]}: bookForm(long,Model)
2026-05-08 04:07:42.779 TRACE o.s.w.s.m.m.a.RequestMappingHandlerMapping - 
	c.b.c.c.HealthController:
	{GET [/health]}: health()
2026-05-08 04:07:42.779 TRACE o.s.w.s.m.m.a.RequestMappingHandlerMapping - 
	c.b.c.c.HomeController:
	{GET [/]}: home()
2026-05-08 04:07:42.779 TRACE o.s.w.s.m.m.a.RequestMappingHandlerMapping - 
	c.b.c.c.LoginController:
	{GET [/login]}: login()
2026-05-08 04:07:42.779 TRACE o.s.w.s.m.m.a.RequestMappingHandlerMapping - 
	c.b.c.c.TechnicianController:
	{GET [/technician/dashboard]}: dashboard(Model,Authentication)
	{POST [/technician/ready/{id}]}: markReady(long)
2026-05-08 04:07:42.779 TRACE o.s.w.s.m.m.a.RequestMappingHandlerMapping - 
	c.b.c.MathController:
	{GET [/add]}: add(int,int)
2026-05-08 04:07:42.779 TRACE o.s.w.s.m.m.a.RequestMappingHandlerMapping - 
	c.b.c.MockNotificationController:
	{POST [/mock/notify]}: notify(Map)
2026-05-08 04:07:42.790 TRACE o.s.w.s.m.m.a.RequestMappingHandlerMapping - 
	o.s.b.w.a.e.BasicErrorController:
	{ [/error]}: error(HttpServletRequest)
	{ [/error], produces [text/html]}: errorHtml(HttpServletRequest,HttpServletResponse)
2026-05-08 04:07:42.794 DEBUG o.s.w.s.m.m.a.RequestMappingHandlerMapping - 18 mappings in 'requestMappingHandlerMapping'
2026-05-08 04:07:43.008 INFO  o.a.coyote.http11.Http11NioProtocol - Starting ProtocolHandler ["http-nio-8080"]
2026-05-08 04:07:43.017 WARN  o.s.b.w.s.s.c.AnnotationConfigServletWebServerApplicationContext - Exception encountered during context initialization - cancelling refresh attempt: org.springframework.context.ApplicationContextException: Failed to start bean 'webServerStartStop'
2026-05-08 04:07:43.017 INFO  com.zaxxer.hikari.HikariDataSource - HikariPool-1 - Shutdown initiated...
2026-05-08 04:07:43.025 INFO  com.zaxxer.hikari.HikariDataSource - HikariPool-1 - Shutdown completed.
2026-05-08 04:07:43.035 INFO  o.s.b.a.l.ConditionEvaluationReportLogger - 

Error starting ApplicationContext. To display the condition evaluation report re-run your application with 'debug' enabled.
2026-05-08 04:07:43.059 ERROR o.s.b.d.LoggingFailureAnalysisReporter - 

***************************
APPLICATION FAILED TO START
***************************

Description:

Web server failed to start. Port 8080 was already in use.

Action:

Identify and stop the process that's listening on port 8080 or configure this application to listen on another port.

2026-05-08 04:08:17.305 INFO  o.h.validator.internal.util.Version - HV000001: Hibernate Validator 9.0.1.Final
2026-05-08 04:08:17.371 INFO  c.b.c.Cmpe172ProjectApplication - Starting Cmpe172ProjectApplication using Java 21.0.9 with PID 20388 (C:\Users\giant\Documents\school\CMPE172Project\build\classes\java\main started by giant in C:\Users\giant\Documents\school\CMPE172Project)
2026-05-08 04:08:17.371 DEBUG c.b.c.Cmpe172ProjectApplication - Running with Spring Boot v4.0.3, Spring v7.0.5
2026-05-08 04:08:17.371 INFO  c.b.c.Cmpe172ProjectApplication - No active profile set, falling back to 1 default profile: "default"
2026-05-08 04:08:19.166 INFO  o.s.boot.tomcat.TomcatWebServer - Tomcat initialized with port 8080 (http)
2026-05-08 04:08:19.189 INFO  o.a.coyote.http11.Http11NioProtocol - Initializing ProtocolHandler ["http-nio-8080"]
2026-05-08 04:08:19.198 INFO  o.a.catalina.core.StandardService - Starting service [Tomcat]
2026-05-08 04:08:19.198 INFO  o.a.catalina.core.StandardEngine - Starting Servlet engine: [Apache Tomcat/11.0.18]
2026-05-08 04:08:19.323 INFO  o.s.b.w.c.s.WebApplicationContextInitializer - Root WebApplicationContext: initialization completed in 1889 ms
2026-05-08 04:08:19.412 DEBUG c.b.c.RequestLoggingFilter - Filter 'requestLoggingFilter' configured for use
2026-05-08 04:08:19.502 INFO  com.zaxxer.hikari.HikariDataSource - HikariPool-1 - Starting...
2026-05-08 04:08:19.750 INFO  com.zaxxer.hikari.pool.HikariPool - HikariPool-1 - Added connection conn0: url=jdbc:h2:mem:testdb user=SA
2026-05-08 04:08:19.750 INFO  com.zaxxer.hikari.HikariDataSource - HikariPool-1 - Start completed.
2026-05-08 04:08:20.168 INFO  o.s.s.c.a.a.c.InitializeUserDetailsBeanManagerConfigurer$InitializeUserDetailsManagerConfigurer - Global AuthenticationManager configured with UserDetailsService bean with name userDetailsService
2026-05-08 04:08:21.629 DEBUG o.s.s.web.DefaultSecurityFilterChain - Will secure org.springframework.security.config.annotation.web.configurers.oauth2.server.authorization.OAuth2AuthorizationServerConfigurer$$Lambda/0x000001c1825672a0@4efb13f1 with filters: DisableEncodeUrlFilter, WebAsyncManagerIntegrationFilter, SecurityContextHolderFilter, AuthorizationServerContextFilter, HeaderWriterFilter, CorsFilter, CsrfFilter, LogoutFilter, OAuth2AuthorizationServerMetadataEndpointFilter, OAuth2AuthorizationCodeRequestValidatingFilter, NimbusJwkSetEndpointFilter, OAuth2ClientAuthenticationFilter, RequestCacheAwareFilter, SecurityContextHolderAwareRequestFilter, AnonymousAuthenticationFilter, ExceptionTranslationFilter, OAuth2AuthorizationEndpointFilter, OAuth2TokenEndpointFilter, OAuth2TokenIntrospectionEndpointFilter, OAuth2TokenRevocationEndpointFilter
2026-05-08 04:08:21.759 DEBUG o.s.s.web.DefaultSecurityFilterChain - Will secure Or [PathPattern [/add]] with filters: DisableEncodeUrlFilter, WebAsyncManagerIntegrationFilter, SecurityContextHolderFilter, HeaderWriterFilter, CorsFilter, CsrfFilter, LogoutFilter, OAuth2ProtectedResourceMetadataFilter, BearerTokenAuthenticationFilter, AuthenticationFilter, RequestCacheAwareFilter, SecurityContextHolderAwareRequestFilter, AnonymousAuthenticationFilter, ExceptionTranslationFilter, AuthorizationFilter
2026-05-08 04:08:21.809 DEBUG o.s.s.web.DefaultSecurityFilterChain - Will secure any request with filters: DisableEncodeUrlFilter, WebAsyncManagerIntegrationFilter, SecurityContextHolderFilter, HeaderWriterFilter, CorsFilter, CsrfFilter, LogoutFilter, UsernamePasswordAuthenticationFilter, RequestCacheAwareFilter, SecurityContextHolderAwareRequestFilter, AnonymousAuthenticationFilter, ExceptionTranslationFilter, AuthorizationFilter
2026-05-08 04:08:21.879 INFO  o.s.b.w.a.WelcomePageHandlerMapping - Adding welcome page template: index
2026-05-08 04:08:21.971 TRACE o.s.w.s.m.m.a.RequestMappingHandlerMapping - 
	c.b.c.AppointmentNotificationController:
	{POST [/appointments/{id}/notify]}: notifyAppointment(long)
2026-05-08 04:08:21.986 TRACE o.s.w.s.m.m.a.RequestMappingHandlerMapping - 
	c.b.c.c.AdminController:
	{POST [/admin/notify/{id}]}: notify(long)
	{POST [/admin/cancel/{id}]}: cancel(long)
	{GET [/admin/dashboard]}: dashboard(Model)
2026-05-08 04:08:21.986 TRACE o.s.w.s.m.m.a.RequestMappingHandlerMapping - 
	c.b.c.c.AppointmentController:
	{GET [/book]}: bookForm(long,Model)
	{GET [/slots]}: listSlots(Model)
	{GET [/appointments]}: listAppointments(Model)
	{POST [/book]}: submitBooking(long,String,String,String,RedirectAttributes)
	{GET [/confirmation]}: confirmation(Model)
2026-05-08 04:08:21.995 TRACE o.s.w.s.m.m.a.RequestMappingHandlerMapping - 
	c.b.c.c.HealthController:
	{GET [/health]}: health()
2026-05-08 04:08:21.995 TRACE o.s.w.s.m.m.a.RequestMappingHandlerMapping - 
	c.b.c.c.HomeController:
	{GET [/]}: home()
2026-05-08 04:08:21.995 TRACE o.s.w.s.m.m.a.RequestMappingHandlerMapping - 
	c.b.c.c.LoginController:
	{GET [/login]}: login()
2026-05-08 04:08:21.995 TRACE o.s.w.s.m.m.a.RequestMappingHandlerMapping - 
	c.b.c.c.TechnicianController:
	{POST [/technician/ready/{id}]}: markReady(long)
	{GET [/technician/dashboard]}: dashboard(Model,Authentication)
2026-05-08 04:08:21.995 TRACE o.s.w.s.m.m.a.RequestMappingHandlerMapping - 
	c.b.c.MathController:
	{GET [/add]}: add(int,int)
2026-05-08 04:08:21.995 TRACE o.s.w.s.m.m.a.RequestMappingHandlerMapping - 
	c.b.c.MockNotificationController:
	{POST [/mock/notify]}: notify(Map)
2026-05-08 04:08:22.003 TRACE o.s.w.s.m.m.a.RequestMappingHandlerMapping - 
	o.s.b.w.a.e.BasicErrorController:
	{ [/error]}: error(HttpServletRequest)
	{ [/error], produces [text/html]}: errorHtml(HttpServletRequest,HttpServletResponse)
2026-05-08 04:08:22.011 DEBUG o.s.w.s.m.m.a.RequestMappingHandlerMapping - 18 mappings in 'requestMappingHandlerMapping'
2026-05-08 04:08:22.231 INFO  o.a.coyote.http11.Http11NioProtocol - Starting ProtocolHandler ["http-nio-8080"]
2026-05-08 04:08:22.240 WARN  o.s.b.w.s.s.c.AnnotationConfigServletWebServerApplicationContext - Exception encountered during context initialization - cancelling refresh attempt: org.springframework.context.ApplicationContextException: Failed to start bean 'webServerStartStop'
2026-05-08 04:08:22.240 INFO  com.zaxxer.hikari.HikariDataSource - HikariPool-1 - Shutdown initiated...
2026-05-08 04:08:22.248 INFO  com.zaxxer.hikari.HikariDataSource - HikariPool-1 - Shutdown completed.
2026-05-08 04:08:22.264 INFO  o.s.b.a.l.ConditionEvaluationReportLogger - 

Error starting ApplicationContext. To display the condition evaluation report re-run your application with 'debug' enabled.
2026-05-08 04:08:22.281 ERROR o.s.b.d.LoggingFailureAnalysisReporter - 

***************************
APPLICATION FAILED TO START
***************************

Description:

Web server failed to start. Port 8080 was already in use.

Action:

Identify and stop the process that's listening on port 8080 or configure this application to listen on another port.

2026-05-08 04:09:29.881 INFO  o.h.validator.internal.util.Version - HV000001: Hibernate Validator 9.0.1.Final
2026-05-08 04:09:29.947 INFO  c.b.c.Cmpe172ProjectApplication - Starting Cmpe172ProjectApplication using Java 21.0.9 with PID 27992 (C:\Users\giant\Documents\school\CMPE172Project\build\classes\java\main started by giant in C:\Users\giant\Documents\school\CMPE172Project)
2026-05-08 04:09:29.947 DEBUG c.b.c.Cmpe172ProjectApplication - Running with Spring Boot v4.0.3, Spring v7.0.5
2026-05-08 04:09:29.947 INFO  c.b.c.Cmpe172ProjectApplication - No active profile set, falling back to 1 default profile: "default"
2026-05-08 04:09:31.414 INFO  o.s.boot.tomcat.TomcatWebServer - Tomcat initialized with port 8080 (http)
2026-05-08 04:09:31.430 INFO  o.a.coyote.http11.Http11NioProtocol - Initializing ProtocolHandler ["http-nio-8080"]
2026-05-08 04:09:31.439 INFO  o.a.catalina.core.StandardService - Starting service [Tomcat]
2026-05-08 04:09:31.439 INFO  o.a.catalina.core.StandardEngine - Starting Servlet engine: [Apache Tomcat/11.0.18]
2026-05-08 04:09:31.514 INFO  o.s.b.w.c.s.WebApplicationContextInitializer - Root WebApplicationContext: initialization completed in 1513 ms
2026-05-08 04:09:31.582 DEBUG c.b.c.RequestLoggingFilter - Filter 'requestLoggingFilter' configured for use
2026-05-08 04:09:31.651 INFO  com.zaxxer.hikari.HikariDataSource - HikariPool-1 - Starting...
2026-05-08 04:09:31.879 INFO  com.zaxxer.hikari.pool.HikariPool - HikariPool-1 - Added connection conn0: url=jdbc:h2:mem:testdb user=SA
2026-05-08 04:09:31.885 INFO  com.zaxxer.hikari.HikariDataSource - HikariPool-1 - Start completed.
2026-05-08 04:09:32.230 INFO  o.s.s.c.a.a.c.InitializeUserDetailsBeanManagerConfigurer$InitializeUserDetailsManagerConfigurer - Global AuthenticationManager configured with UserDetailsService bean with name userDetailsService
2026-05-08 04:09:33.936 DEBUG o.s.s.web.DefaultSecurityFilterChain - Will secure org.springframework.security.config.annotation.web.configurers.oauth2.server.authorization.OAuth2AuthorizationServerConfigurer$$Lambda/0x000001de0256b610@11148dc2 with filters: DisableEncodeUrlFilter, WebAsyncManagerIntegrationFilter, SecurityContextHolderFilter, AuthorizationServerContextFilter, HeaderWriterFilter, CorsFilter, CsrfFilter, LogoutFilter, OAuth2AuthorizationServerMetadataEndpointFilter, OAuth2AuthorizationCodeRequestValidatingFilter, NimbusJwkSetEndpointFilter, OAuth2ClientAuthenticationFilter, RequestCacheAwareFilter, SecurityContextHolderAwareRequestFilter, AnonymousAuthenticationFilter, ExceptionTranslationFilter, OAuth2AuthorizationEndpointFilter, OAuth2TokenEndpointFilter, OAuth2TokenIntrospectionEndpointFilter, OAuth2TokenRevocationEndpointFilter
2026-05-08 04:09:34.042 DEBUG o.s.s.web.DefaultSecurityFilterChain - Will secure Or [PathPattern [/add]] with filters: DisableEncodeUrlFilter, WebAsyncManagerIntegrationFilter, SecurityContextHolderFilter, HeaderWriterFilter, CorsFilter, CsrfFilter, LogoutFilter, OAuth2ProtectedResourceMetadataFilter, BearerTokenAuthenticationFilter, AuthenticationFilter, RequestCacheAwareFilter, SecurityContextHolderAwareRequestFilter, AnonymousAuthenticationFilter, ExceptionTranslationFilter, AuthorizationFilter
2026-05-08 04:09:34.110 DEBUG o.s.s.web.DefaultSecurityFilterChain - Will secure any request with filters: DisableEncodeUrlFilter, WebAsyncManagerIntegrationFilter, SecurityContextHolderFilter, HeaderWriterFilter, CorsFilter, CsrfFilter, LogoutFilter, UsernamePasswordAuthenticationFilter, RequestCacheAwareFilter, SecurityContextHolderAwareRequestFilter, AnonymousAuthenticationFilter, ExceptionTranslationFilter, AuthorizationFilter
2026-05-08 04:09:34.163 INFO  o.s.b.w.a.WelcomePageHandlerMapping - Adding welcome page template: index
2026-05-08 04:09:34.229 TRACE o.s.w.s.m.m.a.RequestMappingHandlerMapping - 
	c.b.c.AppointmentNotificationController:
	{POST [/appointments/{id}/notify]}: notifyAppointment(long)
2026-05-08 04:09:34.240 TRACE o.s.w.s.m.m.a.RequestMappingHandlerMapping - 
	c.b.c.c.AdminController:
	{POST [/admin/notify/{id}]}: notify(long)
	{POST [/admin/cancel/{id}]}: cancel(long)
	{GET [/admin/dashboard]}: dashboard(Model)
2026-05-08 04:09:34.240 TRACE o.s.w.s.m.m.a.RequestMappingHandlerMapping - 
	c.b.c.c.AppointmentController:
	{GET [/book]}: bookForm(long,Model)
	{GET [/slots]}: listSlots(Model)
	{GET [/confirmation]}: confirmation(Model)
	{GET [/appointments]}: listAppointments(Model)
	{POST [/book]}: submitBooking(long,String,String,String,RedirectAttributes)
2026-05-08 04:09:34.240 TRACE o.s.w.s.m.m.a.RequestMappingHandlerMapping - 
	c.b.c.c.HealthController:
	{GET [/health]}: health()
2026-05-08 04:09:34.249 TRACE o.s.w.s.m.m.a.RequestMappingHandlerMapping - 
	c.b.c.c.HomeController:
	{GET [/]}: home()
2026-05-08 04:09:34.249 TRACE o.s.w.s.m.m.a.RequestMappingHandlerMapping - 
	c.b.c.c.LoginController:
	{GET [/login]}: login()
2026-05-08 04:09:34.251 TRACE o.s.w.s.m.m.a.RequestMappingHandlerMapping - 
	c.b.c.c.TechnicianController:
	{GET [/technician/dashboard]}: dashboard(Model,Authentication)
	{POST [/technician/ready/{id}]}: markReady(long)
2026-05-08 04:09:34.254 TRACE o.s.w.s.m.m.a.RequestMappingHandlerMapping - 
	c.b.c.MathController:
	{GET [/add]}: add(int,int)
2026-05-08 04:09:34.256 TRACE o.s.w.s.m.m.a.RequestMappingHandlerMapping - 
	c.b.c.MockNotificationController:
	{POST [/mock/notify]}: notify(Map)
2026-05-08 04:09:34.261 TRACE o.s.w.s.m.m.a.RequestMappingHandlerMapping - 
	o.s.b.w.a.e.BasicErrorController:
	{ [/error]}: error(HttpServletRequest)
	{ [/error], produces [text/html]}: errorHtml(HttpServletRequest,HttpServletResponse)
2026-05-08 04:09:34.264 DEBUG o.s.w.s.m.m.a.RequestMappingHandlerMapping - 18 mappings in 'requestMappingHandlerMapping'
2026-05-08 04:09:34.470 INFO  o.a.coyote.http11.Http11NioProtocol - Starting ProtocolHandler ["http-nio-8080"]
2026-05-08 04:09:34.479 WARN  o.s.b.w.s.s.c.AnnotationConfigServletWebServerApplicationContext - Exception encountered during context initialization - cancelling refresh attempt: org.springframework.context.ApplicationContextException: Failed to start bean 'webServerStartStop'
2026-05-08 04:09:34.486 INFO  com.zaxxer.hikari.HikariDataSource - HikariPool-1 - Shutdown initiated...
2026-05-08 04:09:34.488 INFO  com.zaxxer.hikari.HikariDataSource - HikariPool-1 - Shutdown completed.
2026-05-08 04:09:34.503 INFO  o.s.b.a.l.ConditionEvaluationReportLogger - 

Error starting ApplicationContext. To display the condition evaluation report re-run your application with 'debug' enabled.
2026-05-08 04:09:34.519 ERROR o.s.b.d.LoggingFailureAnalysisReporter - 

***************************
APPLICATION FAILED TO START
***************************

Description:

Web server failed to start. Port 8080 was already in use.

Action:

Identify and stop the process that's listening on port 8080 or configure this application to listen on another port.

2026-05-08 11:26:34.136 WARN  com.zaxxer.hikari.pool.HikariPool - HikariPool-1 - Thread starvation or clock leap detected (housekeeper delta=7h8m4s699ms695µs400ns).
2026-05-08 12:13:04.027 WARN  com.zaxxer.hikari.pool.HikariPool - HikariPool-1 - Thread starvation or clock leap detected (housekeeper delta=32m59s710ms564µs200ns).
2026-05-08 12:32:52.966 WARN  com.zaxxer.hikari.pool.HikariPool - HikariPool-1 - Thread starvation or clock leap detected (housekeeper delta=18m48s915ms642µs300ns).
2026-05-08 12:36:14.417 INFO  o.h.validator.internal.util.Version - HV000001: Hibernate Validator 9.0.1.Final
2026-05-08 12:36:14.461 INFO  c.b.c.Cmpe172ProjectApplication - Starting Cmpe172ProjectApplication using Java 21.0.9 with PID 29700 (C:\Users\giant\Documents\school\CMPE172Project\build\classes\java\main started by giant in C:\Users\giant\Documents\school\CMPE172Project)
2026-05-08 12:36:14.461 DEBUG c.b.c.Cmpe172ProjectApplication - Running with Spring Boot v4.0.3, Spring v7.0.5
2026-05-08 12:36:14.462 INFO  c.b.c.Cmpe172ProjectApplication - No active profile set, falling back to 1 default profile: "default"
2026-05-08 12:36:15.511 INFO  o.s.boot.tomcat.TomcatWebServer - Tomcat initialized with port 8080 (http)
2026-05-08 12:36:15.523 INFO  o.a.coyote.http11.Http11NioProtocol - Initializing ProtocolHandler ["http-nio-8080"]
2026-05-08 12:36:15.524 INFO  o.a.catalina.core.StandardService - Starting service [Tomcat]
2026-05-08 12:36:15.524 INFO  o.a.catalina.core.StandardEngine - Starting Servlet engine: [Apache Tomcat/11.0.18]
2026-05-08 12:36:15.581 INFO  o.s.b.w.c.s.WebApplicationContextInitializer - Root WebApplicationContext: initialization completed in 1071 ms
2026-05-08 12:36:15.633 DEBUG c.b.c.RequestLoggingFilter - Filter 'requestLoggingFilter' configured for use
2026-05-08 12:36:15.687 INFO  com.zaxxer.hikari.HikariDataSource - HikariPool-1 - Starting...
2026-05-08 12:36:15.847 INFO  com.zaxxer.hikari.pool.HikariPool - HikariPool-1 - Added connection conn0: url=jdbc:h2:mem:testdb user=SA
2026-05-08 12:36:15.849 INFO  com.zaxxer.hikari.HikariDataSource - HikariPool-1 - Start completed.
2026-05-08 12:36:16.065 INFO  o.s.s.c.a.a.c.InitializeUserDetailsBeanManagerConfigurer$InitializeUserDetailsManagerConfigurer - Global AuthenticationManager configured with UserDetailsService bean with name userDetailsService
2026-05-08 12:36:17.332 DEBUG o.s.s.web.DefaultSecurityFilterChain - Will secure org.springframework.security.config.annotation.web.configurers.oauth2.server.authorization.OAuth2AuthorizationServerConfigurer$$Lambda/0x000002a20256bb18@56835f2f with filters: DisableEncodeUrlFilter, WebAsyncManagerIntegrationFilter, SecurityContextHolderFilter, AuthorizationServerContextFilter, HeaderWriterFilter, CorsFilter, CsrfFilter, LogoutFilter, OAuth2AuthorizationServerMetadataEndpointFilter, OAuth2AuthorizationCodeRequestValidatingFilter, NimbusJwkSetEndpointFilter, OAuth2ClientAuthenticationFilter, RequestCacheAwareFilter, SecurityContextHolderAwareRequestFilter, AnonymousAuthenticationFilter, ExceptionTranslationFilter, OAuth2AuthorizationEndpointFilter, OAuth2TokenEndpointFilter, OAuth2TokenIntrospectionEndpointFilter, OAuth2TokenRevocationEndpointFilter
2026-05-08 12:36:17.398 DEBUG o.s.s.web.DefaultSecurityFilterChain - Will secure Or [PathPattern [/add]] with filters: DisableEncodeUrlFilter, WebAsyncManagerIntegrationFilter, SecurityContextHolderFilter, HeaderWriterFilter, CorsFilter, CsrfFilter, LogoutFilter, OAuth2ProtectedResourceMetadataFilter, BearerTokenAuthenticationFilter, AuthenticationFilter, RequestCacheAwareFilter, SecurityContextHolderAwareRequestFilter, AnonymousAuthenticationFilter, ExceptionTranslationFilter, AuthorizationFilter
2026-05-08 12:36:17.440 DEBUG o.s.s.web.DefaultSecurityFilterChain - Will secure any request with filters: DisableEncodeUrlFilter, WebAsyncManagerIntegrationFilter, SecurityContextHolderFilter, HeaderWriterFilter, CorsFilter, CsrfFilter, LogoutFilter, UsernamePasswordAuthenticationFilter, RequestCacheAwareFilter, SecurityContextHolderAwareRequestFilter, AnonymousAuthenticationFilter, ExceptionTranslationFilter, AuthorizationFilter
2026-05-08 12:36:17.480 INFO  o.s.b.w.a.WelcomePageHandlerMapping - Adding welcome page template: index
2026-05-08 12:36:17.526 TRACE o.s.w.s.m.m.a.RequestMappingHandlerMapping - 
	c.b.c.AppointmentNotificationController:
	{POST [/appointments/{id}/notify]}: notifyAppointment(long)
2026-05-08 12:36:17.533 TRACE o.s.w.s.m.m.a.RequestMappingHandlerMapping - 
	c.b.c.c.AdminController:
	{POST [/admin/notify/{id}]}: notify(long)
	{POST [/admin/cancel/{id}]}: cancel(long)
	{GET [/admin/dashboard]}: dashboard(Model)
2026-05-08 12:36:17.535 TRACE o.s.w.s.m.m.a.RequestMappingHandlerMapping - 
	c.b.c.c.AppointmentController:
	{GET [/confirmation]}: confirmation(Model)
	{GET [/appointments]}: listAppointments(Model)
	{POST [/book]}: submitBooking(long,String,String,String,RedirectAttributes)
	{GET [/slots]}: listSlots(Model)
	{GET [/book]}: bookForm(long,Model)
2026-05-08 12:36:17.539 TRACE o.s.w.s.m.m.a.RequestMappingHandlerMapping - 
	c.b.c.c.HealthController:
	{GET [/health]}: health()
2026-05-08 12:36:17.539 TRACE o.s.w.s.m.m.a.RequestMappingHandlerMapping - 
	c.b.c.c.HomeController:
	{GET [/]}: home()
2026-05-08 12:36:17.540 TRACE o.s.w.s.m.m.a.RequestMappingHandlerMapping - 
	c.b.c.c.LoginController:
	{GET [/login]}: login()
2026-05-08 12:36:17.541 TRACE o.s.w.s.m.m.a.RequestMappingHandlerMapping - 
	c.b.c.c.TechnicianController:
	{POST [/technician/ready/{id}]}: markReady(long)
	{GET [/technician/dashboard]}: dashboard(Model,Authentication)
2026-05-08 12:36:17.542 TRACE o.s.w.s.m.m.a.RequestMappingHandlerMapping - 
	c.b.c.MathController:
	{GET [/add]}: add(int,int)
2026-05-08 12:36:17.543 TRACE o.s.w.s.m.m.a.RequestMappingHandlerMapping - 
	c.b.c.MockNotificationController:
	{POST [/mock/notify]}: notify(Map)
2026-05-08 12:36:17.547 TRACE o.s.w.s.m.m.a.RequestMappingHandlerMapping - 
	o.s.b.w.a.e.BasicErrorController:
	{ [/error]}: error(HttpServletRequest)
	{ [/error], produces [text/html]}: errorHtml(HttpServletRequest,HttpServletResponse)
2026-05-08 12:36:17.550 DEBUG o.s.w.s.m.m.a.RequestMappingHandlerMapping - 18 mappings in 'requestMappingHandlerMapping'
2026-05-08 12:36:17.712 INFO  o.a.coyote.http11.Http11NioProtocol - Starting ProtocolHandler ["http-nio-8080"]
2026-05-08 12:36:17.719 WARN  o.s.b.w.s.s.c.AnnotationConfigServletWebServerApplicationContext - Exception encountered during context initialization - cancelling refresh attempt: org.springframework.context.ApplicationContextException: Failed to start bean 'webServerStartStop'
2026-05-08 12:36:17.721 INFO  com.zaxxer.hikari.HikariDataSource - HikariPool-1 - Shutdown initiated...
2026-05-08 12:36:17.723 INFO  com.zaxxer.hikari.HikariDataSource - HikariPool-1 - Shutdown completed.
2026-05-08 12:36:17.733 INFO  o.s.b.a.l.ConditionEvaluationReportLogger - 

Error starting ApplicationContext. To display the condition evaluation report re-run your application with 'debug' enabled.
2026-05-08 12:36:17.746 ERROR o.s.b.d.LoggingFailureAnalysisReporter - 

***************************
APPLICATION FAILED TO START
***************************

Description:

Web server failed to start. Port 8080 was already in use.

Action:

Identify and stop the process that's listening on port 8080 or configure this application to listen on another port.

2026-05-08 12:38:35.820 INFO  o.h.validator.internal.util.Version - HV000001: Hibernate Validator 9.0.1.Final
2026-05-08 12:38:35.860 INFO  c.b.c.Cmpe172ProjectApplication - Starting Cmpe172ProjectApplication using Java 21.0.9 with PID 47824 (C:\Users\giant\Documents\school\CMPE172Project\build\classes\java\main started by giant in C:\Users\giant\Documents\school\CMPE172Project)
2026-05-08 12:38:35.860 DEBUG c.b.c.Cmpe172ProjectApplication - Running with Spring Boot v4.0.3, Spring v7.0.5
2026-05-08 12:38:35.861 INFO  c.b.c.Cmpe172ProjectApplication - No active profile set, falling back to 1 default profile: "default"
2026-05-08 12:38:36.806 INFO  o.s.boot.tomcat.TomcatWebServer - Tomcat initialized with port 8080 (http)
2026-05-08 12:38:36.816 INFO  o.a.coyote.http11.Http11NioProtocol - Initializing ProtocolHandler ["http-nio-8080"]
2026-05-08 12:38:36.818 INFO  o.a.catalina.core.StandardService - Starting service [Tomcat]
2026-05-08 12:38:36.818 INFO  o.a.catalina.core.StandardEngine - Starting Servlet engine: [Apache Tomcat/11.0.18]
2026-05-08 12:38:36.868 INFO  o.s.b.w.c.s.WebApplicationContextInitializer - Root WebApplicationContext: initialization completed in 969 ms
2026-05-08 12:38:36.903 DEBUG c.b.c.RequestLoggingFilter - Filter 'requestLoggingFilter' configured for use
2026-05-08 12:38:36.947 INFO  com.zaxxer.hikari.HikariDataSource - HikariPool-1 - Starting...
2026-05-08 12:38:37.104 INFO  com.zaxxer.hikari.pool.HikariPool - HikariPool-1 - Added connection conn0: url=jdbc:h2:mem:testdb user=SA
2026-05-08 12:38:37.105 INFO  com.zaxxer.hikari.HikariDataSource - HikariPool-1 - Start completed.
2026-05-08 12:38:37.329 INFO  o.s.s.c.a.a.c.InitializeUserDetailsBeanManagerConfigurer$InitializeUserDetailsManagerConfigurer - Global AuthenticationManager configured with UserDetailsService bean with name userDetailsService
2026-05-08 12:38:37.883 DEBUG o.s.s.web.DefaultSecurityFilterChain - Will secure org.springframework.security.config.annotation.web.configurers.oauth2.server.authorization.OAuth2AuthorizationServerConfigurer$$Lambda/0x00000244d456a110@11148dc2 with filters: DisableEncodeUrlFilter, WebAsyncManagerIntegrationFilter, SecurityContextHolderFilter, AuthorizationServerContextFilter, HeaderWriterFilter, CorsFilter, CsrfFilter, LogoutFilter, OAuth2AuthorizationServerMetadataEndpointFilter, OAuth2AuthorizationCodeRequestValidatingFilter, NimbusJwkSetEndpointFilter, OAuth2ClientAuthenticationFilter, RequestCacheAwareFilter, SecurityContextHolderAwareRequestFilter, AnonymousAuthenticationFilter, ExceptionTranslationFilter, OAuth2AuthorizationEndpointFilter, OAuth2TokenEndpointFilter, OAuth2TokenIntrospectionEndpointFilter, OAuth2TokenRevocationEndpointFilter
2026-05-08 12:38:37.960 DEBUG o.s.s.web.DefaultSecurityFilterChain - Will secure Or [PathPattern [/add]] with filters: DisableEncodeUrlFilter, WebAsyncManagerIntegrationFilter, SecurityContextHolderFilter, HeaderWriterFilter, CorsFilter, CsrfFilter, LogoutFilter, OAuth2ProtectedResourceMetadataFilter, BearerTokenAuthenticationFilter, AuthenticationFilter, RequestCacheAwareFilter, SecurityContextHolderAwareRequestFilter, AnonymousAuthenticationFilter, ExceptionTranslationFilter, AuthorizationFilter
2026-05-08 12:38:38.006 DEBUG o.s.s.web.DefaultSecurityFilterChain - Will secure any request with filters: DisableEncodeUrlFilter, WebAsyncManagerIntegrationFilter, SecurityContextHolderFilter, HeaderWriterFilter, CorsFilter, CsrfFilter, LogoutFilter, UsernamePasswordAuthenticationFilter, RequestCacheAwareFilter, SecurityContextHolderAwareRequestFilter, AnonymousAuthenticationFilter, ExceptionTranslationFilter, AuthorizationFilter
2026-05-08 12:38:38.053 INFO  o.s.b.w.a.WelcomePageHandlerMapping - Adding welcome page template: index
2026-05-08 12:38:38.115 TRACE o.s.w.s.m.m.a.RequestMappingHandlerMapping - 
	c.b.c.AppointmentNotificationController:
	{POST [/appointments/{id}/notify]}: notifyAppointment(long)
2026-05-08 12:38:38.124 TRACE o.s.w.s.m.m.a.RequestMappingHandlerMapping - 
	c.b.c.c.AdminController:
	{POST [/admin/notify/{id}]}: notify(long)
	{POST [/admin/cancel/{id}]}: cancel(long)
	{GET [/admin/dashboard]}: dashboard(Model)
2026-05-08 12:38:38.127 TRACE o.s.w.s.m.m.a.RequestMappingHandlerMapping - 
	c.b.c.c.AppointmentController:
	{GET [/slots]}: listSlots(Model)
	{GET [/book]}: bookForm(long,Model)
	{GET [/confirmation]}: confirmation(Model)
	{POST [/book]}: submitBooking(long,String,String,String,RedirectAttributes)
	{GET [/appointments]}: listAppointments(Model)
2026-05-08 12:38:38.130 TRACE o.s.w.s.m.m.a.RequestMappingHandlerMapping - 
	c.b.c.c.HealthController:
	{GET [/health]}: health()
2026-05-08 12:38:38.131 TRACE o.s.w.s.m.m.a.RequestMappingHandlerMapping - 
	c.b.c.c.HomeController:
	{GET [/]}: home()
2026-05-08 12:38:38.131 TRACE o.s.w.s.m.m.a.RequestMappingHandlerMapping - 
	c.b.c.c.LoginController:
	{GET [/login]}: login()
2026-05-08 12:38:38.132 TRACE o.s.w.s.m.m.a.RequestMappingHandlerMapping - 
	c.b.c.c.TechnicianController:
	{GET [/technician/dashboard]}: dashboard(Model,Authentication)
	{POST [/technician/ready/{id}]}: markReady(long)
2026-05-08 12:38:38.133 TRACE o.s.w.s.m.m.a.RequestMappingHandlerMapping - 
	c.b.c.MathController:
	{GET [/add]}: add(int,int)
2026-05-08 12:38:38.134 TRACE o.s.w.s.m.m.a.RequestMappingHandlerMapping - 
	c.b.c.MockNotificationController:
	{POST [/mock/notify]}: notify(Map)
2026-05-08 12:38:38.139 TRACE o.s.w.s.m.m.a.RequestMappingHandlerMapping - 
	o.s.b.w.a.e.BasicErrorController:
	{ [/error]}: error(HttpServletRequest)
	{ [/error], produces [text/html]}: errorHtml(HttpServletRequest,HttpServletResponse)
2026-05-08 12:38:38.141 DEBUG o.s.w.s.m.m.a.RequestMappingHandlerMapping - 18 mappings in 'requestMappingHandlerMapping'
2026-05-08 12:38:38.336 INFO  o.a.coyote.http11.Http11NioProtocol - Starting ProtocolHandler ["http-nio-8080"]
2026-05-08 12:38:38.361 INFO  o.s.boot.tomcat.TomcatWebServer - Tomcat started on port 8080 (http) with context path '/'
2026-05-08 12:38:38.368 INFO  c.b.c.Cmpe172ProjectApplication - Started Cmpe172ProjectApplication in 2.984 seconds (process running for 3.364)
2026-05-08 12:38:49.021 INFO  o.a.c.c.C.[Tomcat].[localhost].[/] - Initializing Spring DispatcherServlet 'dispatcherServlet'
2026-05-08 12:38:49.021 INFO  o.s.web.servlet.DispatcherServlet - Initializing Servlet 'dispatcherServlet'
2026-05-08 12:38:49.022 DEBUG o.s.web.servlet.DispatcherServlet - Detected StandardServletMultipartResolver
2026-05-08 12:38:49.022 DEBUG o.s.web.servlet.DispatcherServlet - Detected AcceptHeaderLocaleResolver
2026-05-08 12:38:49.022 DEBUG o.s.web.servlet.DispatcherServlet - Detected org.springframework.web.servlet.view.DefaultRequestToViewNameTranslator@59fac092
2026-05-08 12:38:49.022 DEBUG o.s.web.servlet.DispatcherServlet - Detected org.springframework.web.servlet.support.SessionFlashMapManager@12bcde12
2026-05-08 12:38:49.023 DEBUG o.s.web.servlet.DispatcherServlet - enableLoggingRequestDetails='false': request parameters and headers will be masked to prevent unsafe logging of potentially sensitive data
2026-05-08 12:38:49.023 INFO  o.s.web.servlet.DispatcherServlet - Completed initialization in 2 ms
2026-05-08 12:38:49.029 DEBUG o.s.security.web.FilterChainProxy - Securing GET /
2026-05-08 12:38:49.039 DEBUG o.s.security.web.FilterChainProxy - Secured GET /
2026-05-08 12:38:49.042 DEBUG o.s.web.servlet.DispatcherServlet - GET "/", parameters={}
2026-05-08 12:38:49.050 TRACE o.s.w.s.m.m.a.RequestMappingHandlerMapping - Mapped to com.beaglescheduler.cmpe172project.controller.HomeController#home()
2026-05-08 12:38:49.264 DEBUG o.s.web.servlet.DispatcherServlet - Completed 200 OK
2026-05-08 12:38:49.265 DEBUG o.s.s.w.a.AnonymousAuthenticationFilter - Set SecurityContextHolder to anonymous SecurityContext
2026-05-08 12:38:49.265 INFO  HTTP - GET / -> 200 (240ms)
2026-05-08 12:38:49.297 DEBUG o.s.security.web.FilterChainProxy - Securing GET /css/beagle.css
2026-05-08 12:38:49.297 DEBUG o.s.security.web.FilterChainProxy - Secured GET /css/beagle.css
2026-05-08 12:38:49.297 DEBUG o.s.web.servlet.DispatcherServlet - GET "/css/beagle.css", parameters={}
2026-05-08 12:38:49.303 DEBUG o.s.web.servlet.DispatcherServlet - Completed 304 NOT_MODIFIED
2026-05-08 12:38:49.303 DEBUG o.s.s.w.a.AnonymousAuthenticationFilter - Set SecurityContextHolder to anonymous SecurityContext
2026-05-08 12:38:49.303 INFO  HTTP - GET /css/beagle.css -> 304 (7ms)
2026-05-08 12:38:49.330 DEBUG o.s.security.web.FilterChainProxy - Securing GET /favicon.ico
2026-05-08 12:38:49.330 DEBUG o.s.s.w.a.AnonymousAuthenticationFilter - Set SecurityContextHolder to anonymous SecurityContext
2026-05-08 12:38:49.332 DEBUG o.s.s.web.DefaultRedirectStrategy - Redirecting to /login
2026-05-08 12:38:49.332 INFO  HTTP - GET /favicon.ico -> 302 (3ms)
2026-05-08 12:38:49.335 DEBUG o.s.security.web.FilterChainProxy - Securing GET /login
2026-05-08 12:38:49.335 DEBUG o.s.security.web.FilterChainProxy - Secured GET /login
2026-05-08 12:38:49.336 DEBUG o.s.web.servlet.DispatcherServlet - GET "/login", parameters={}
2026-05-08 12:38:49.336 TRACE o.s.w.s.m.m.a.RequestMappingHandlerMapping - Mapped to com.beaglescheduler.cmpe172project.controller.LoginController#login()
2026-05-08 12:38:49.383 DEBUG o.s.web.servlet.DispatcherServlet - Completed 200 OK
2026-05-08 12:38:49.383 DEBUG o.s.s.w.a.AnonymousAuthenticationFilter - Set SecurityContextHolder to anonymous SecurityContext
2026-05-08 12:38:49.383 INFO  HTTP - GET /login -> 200 (48ms)
2026-05-08 12:38:55.156 DEBUG o.s.security.web.FilterChainProxy - Securing GET /slots
2026-05-08 12:38:55.156 DEBUG o.s.security.web.FilterChainProxy - Secured GET /slots
2026-05-08 12:38:55.156 DEBUG o.s.web.servlet.DispatcherServlet - GET "/slots", parameters={}
2026-05-08 12:38:55.156 TRACE o.s.w.s.m.m.a.RequestMappingHandlerMapping - Mapped to com.beaglescheduler.cmpe172project.controller.AppointmentController#listSlots(Model)
2026-05-08 12:38:55.160 DEBUG o.s.jdbc.core.JdbcTemplate - Executing SQL query [SELECT s.slot_id, s.machine_id, s.start_date, s.end_date,        s.is_available, m.serial_number, svc.model_name, svc.daily_rate FROM availability_slots s JOIN machines m ON s.machine_id = m.machine_id JOIN services svc ON m.service_id = svc.service_id WHERE s.is_available = TRUE ORDER BY s.start_date, m.serial_number]
2026-05-08 12:38:55.172 INFO  c.b.c.c.AppointmentController - GET /slots — returned 8 available slots
2026-05-08 12:38:55.204 DEBUG o.s.web.servlet.DispatcherServlet - Completed 200 OK
2026-05-08 12:38:55.205 DEBUG o.s.s.w.a.AnonymousAuthenticationFilter - Set SecurityContextHolder to anonymous SecurityContext
2026-05-08 12:38:55.205 INFO  HTTP - GET /slots -> 200 (50ms)
2026-05-08 12:38:55.233 DEBUG o.s.security.web.FilterChainProxy - Securing GET /favicon.ico
2026-05-08 12:38:55.234 DEBUG o.s.s.w.a.AnonymousAuthenticationFilter - Set SecurityContextHolder to anonymous SecurityContext
2026-05-08 12:38:55.234 DEBUG o.s.s.web.DefaultRedirectStrategy - Redirecting to /login
2026-05-08 12:38:55.234 INFO  HTTP - GET /favicon.ico -> 302 (1ms)
2026-05-08 12:38:55.236 DEBUG o.s.security.web.FilterChainProxy - Securing GET /login
2026-05-08 12:38:55.236 DEBUG o.s.security.web.FilterChainProxy - Secured GET /login
2026-05-08 12:38:55.237 DEBUG o.s.web.servlet.DispatcherServlet - GET "/login", parameters={}
2026-05-08 12:38:55.237 TRACE o.s.w.s.m.m.a.RequestMappingHandlerMapping - Mapped to com.beaglescheduler.cmpe172project.controller.LoginController#login()
2026-05-08 12:38:55.240 DEBUG o.s.web.servlet.DispatcherServlet - Completed 200 OK
2026-05-08 12:38:55.240 DEBUG o.s.s.w.a.AnonymousAuthenticationFilter - Set SecurityContextHolder to anonymous SecurityContext
2026-05-08 12:38:55.240 INFO  HTTP - GET /login -> 200 (4ms)
2026-05-08 12:38:56.305 DEBUG o.s.security.web.FilterChainProxy - Securing GET /book?slotId=3
2026-05-08 12:38:56.313 DEBUG o.s.security.web.FilterChainProxy - Secured GET /book?slotId=3
2026-05-08 12:38:56.314 DEBUG o.s.web.servlet.DispatcherServlet - GET "/book?slotId=3", parameters={masked}
2026-05-08 12:38:56.314 TRACE o.s.w.s.m.m.a.RequestMappingHandlerMapping - Mapped to com.beaglescheduler.cmpe172project.controller.AppointmentController#bookForm(long, Model)
2026-05-08 12:38:56.321 DEBUG o.s.jdbc.core.JdbcTemplate - Executing prepared SQL query
2026-05-08 12:38:56.321 DEBUG o.s.jdbc.core.JdbcTemplate - Executing prepared SQL statement [SELECT s.slot_id, s.machine_id, s.start_date, s.end_date,        s.is_available, m.serial_number, svc.model_name, svc.daily_rate FROM availability_slots s JOIN machines m ON s.machine_id = m.machine_id JOIN services svc ON m.service_id = svc.service_id WHERE s.slot_id = ?]
2026-05-08 12:38:56.325 TRACE o.s.jdbc.core.StatementCreatorUtils - Setting SQL statement parameter value: column index 1, parameter value [3], value class [java.lang.Long], SQL type unknown
2026-05-08 12:38:56.333 INFO  c.b.c.c.AppointmentController - Booking form served for slotId=3
2026-05-08 12:38:56.339 DEBUG o.s.web.servlet.DispatcherServlet - Completed 200 OK
2026-05-08 12:38:56.339 DEBUG o.s.s.w.a.AnonymousAuthenticationFilter - Set SecurityContextHolder to anonymous SecurityContext
2026-05-08 12:38:56.339 INFO  HTTP - GET /book?slotId=3 -> 200 (34ms)
2026-05-08 12:38:56.367 DEBUG o.s.security.web.FilterChainProxy - Securing GET /favicon.ico
2026-05-08 12:38:56.368 DEBUG o.s.s.w.a.AnonymousAuthenticationFilter - Set SecurityContextHolder to anonymous SecurityContext
2026-05-08 12:38:56.368 DEBUG o.s.s.web.DefaultRedirectStrategy - Redirecting to /login
2026-05-08 12:38:56.368 INFO  HTTP - GET /favicon.ico -> 302 (1ms)
2026-05-08 12:38:56.371 DEBUG o.s.security.web.FilterChainProxy - Securing GET /login
2026-05-08 12:38:56.371 DEBUG o.s.security.web.FilterChainProxy - Secured GET /login
2026-05-08 12:38:56.371 DEBUG o.s.web.servlet.DispatcherServlet - GET "/login", parameters={}
2026-05-08 12:38:56.372 TRACE o.s.w.s.m.m.a.RequestMappingHandlerMapping - Mapped to com.beaglescheduler.cmpe172project.controller.LoginController#login()
2026-05-08 12:38:56.374 DEBUG o.s.web.servlet.DispatcherServlet - Completed 200 OK
2026-05-08 12:38:56.374 DEBUG o.s.s.w.a.AnonymousAuthenticationFilter - Set SecurityContextHolder to anonymous SecurityContext
2026-05-08 12:38:56.375 INFO  HTTP - GET /login -> 200 (4ms)
2026-05-08 12:39:07.440 DEBUG o.s.security.web.FilterChainProxy - Securing POST /book
2026-05-08 12:39:07.444 DEBUG o.s.security.web.FilterChainProxy - Secured POST /book
2026-05-08 12:39:07.445 DEBUG o.s.web.servlet.DispatcherServlet - POST "/book", parameters={masked}
2026-05-08 12:39:07.445 TRACE o.s.w.s.m.m.a.RequestMappingHandlerMapping - Mapped to com.beaglescheduler.cmpe172project.controller.AppointmentController#submitBooking(long, String, String, String, RedirectAttributes)
2026-05-08 12:39:07.457 INFO  c.b.c.service.AppointmentService - Booking attempt: slotId=3, customerEmail=hui@gmail.com
2026-05-08 12:39:07.458 DEBUG o.s.jdbc.core.JdbcTemplate - Executing prepared SQL update
2026-05-08 12:39:07.458 DEBUG o.s.jdbc.core.JdbcTemplate - Executing prepared SQL statement [UPDATE availability_slots SET is_available = FALSE WHERE slot_id = ? AND is_available = TRUE]
2026-05-08 12:39:07.461 TRACE o.s.jdbc.core.StatementCreatorUtils - Setting SQL statement parameter value: column index 1, parameter value [3], value class [java.lang.Long], SQL type unknown
2026-05-08 12:39:07.462 INFO  c.b.c.service.AppointmentService - Slot successfully marked unavailable: slotId=3
2026-05-08 12:39:07.462 DEBUG o.s.jdbc.core.JdbcTemplate - Executing prepared SQL query
2026-05-08 12:39:07.462 DEBUG o.s.jdbc.core.JdbcTemplate - Executing prepared SQL statement [SELECT s.slot_id, s.machine_id, s.start_date, s.end_date,        s.is_available, m.serial_number, svc.model_name, svc.daily_rate FROM availability_slots s JOIN machines m ON s.machine_id = m.machine_id JOIN services svc ON m.service_id = svc.service_id WHERE s.slot_id = ?]
2026-05-08 12:39:07.462 TRACE o.s.jdbc.core.StatementCreatorUtils - Setting SQL statement parameter value: column index 1, parameter value [3], value class [java.lang.Long], SQL type unknown
2026-05-08 12:39:07.463 DEBUG o.s.jdbc.core.JdbcTemplate - Executing prepared SQL query
2026-05-08 12:39:07.463 DEBUG o.s.jdbc.core.JdbcTemplate - Executing prepared SQL statement [SELECT user_id, name, email, phone, role, password FROM users WHERE email = ?]
2026-05-08 12:39:07.464 TRACE o.s.jdbc.core.StatementCreatorUtils - Setting SQL statement parameter value: column index 1, parameter value [hui@gmail.com], value class [java.lang.String], SQL type unknown
2026-05-08 12:39:07.465 DEBUG o.s.jdbc.core.JdbcTemplate - Executing SQL update and returning generated keys
2026-05-08 12:39:07.465 DEBUG o.s.jdbc.core.JdbcTemplate - Executing prepared SQL statement
2026-05-08 12:39:07.474 ERROR c.b.c.service.AppointmentService - Database error during booking for slotId=3: The getKey method should only be used when a single key is returned. The current key entry contains multiple keys: [{USER_ID=5, CREATED_AT=2026-05-08 12:39:07.466473}]
org.springframework.dao.InvalidDataAccessApiUsageException: The getKey method should only be used when a single key is returned. The current key entry contains multiple keys: [{USER_ID=5, CREATED_AT=2026-05-08 12:39:07.466473}]
	at org.springframework.jdbc.support.GeneratedKeyHolder.getKeyAs(GeneratedKeyHolder.java:74)
	at org.springframework.jdbc.support.GeneratedKeyHolder.getKey(GeneratedKeyHolder.java:65)
	at com.beaglescheduler.cmpe172project.repository.AppUserRepository.save(AppUserRepository.java:89)
	at java.base/jdk.internal.reflect.DirectMethodHandleAccessor.invoke(DirectMethodHandleAccessor.java:103)
	at java.base/java.lang.reflect.Method.invoke(Method.java:580)
	at org.springframework.aop.support.AopUtils.invokeJoinpointUsingReflection(AopUtils.java:359)
	at org.springframework.aop.framework.ReflectiveMethodInvocation.invokeJoinpoint(ReflectiveMethodInvocation.java:190)
	at org.springframework.aop.framework.ReflectiveMethodInvocation.proceed(ReflectiveMethodInvocation.java:158)
	at org.springframework.dao.support.PersistenceExceptionTranslationInterceptor.invoke(PersistenceExceptionTranslationInterceptor.java:135)
	at org.springframework.aop.framework.ReflectiveMethodInvocation.proceed(ReflectiveMethodInvocation.java:179)
	at org.springframework.aop.framework.CglibAopProxy$DynamicAdvisedInterceptor.intercept(CglibAopProxy.java:719)
	at com.beaglescheduler.cmpe172project.repository.AppUserRepository$$SpringCGLIB$$0.save(<generated>)
	at com.beaglescheduler.cmpe172project.service.AppointmentService.bookAppointment(AppointmentService.java:66)
	at java.base/jdk.internal.reflect.DirectMethodHandleAccessor.invoke(DirectMethodHandleAccessor.java:103)
	at java.base/java.lang.reflect.Method.invoke(Method.java:580)
	at org.springframework.aop.support.AopUtils.invokeJoinpointUsingReflection(AopUtils.java:359)
	at org.springframework.aop.framework.ReflectiveMethodInvocation.invokeJoinpoint(ReflectiveMethodInvocation.java:190)
	at org.springframework.aop.framework.ReflectiveMethodInvocation.proceed(ReflectiveMethodInvocation.java:158)
	at org.springframework.transaction.interceptor.TransactionInterceptor$1.proceedWithInvocation(TransactionInterceptor.java:133)
	at org.springframework.transaction.interceptor.TransactionAspectSupport.invokeWithinTransaction(TransactionAspectSupport.java:371)
	at org.springframework.transaction.interceptor.TransactionInterceptor.invoke(TransactionInterceptor.java:130)
	at org.springframework.aop.framework.ReflectiveMethodInvocation.proceed(ReflectiveMethodInvocation.java:179)
	at org.springframework.aop.framework.CglibAopProxy$DynamicAdvisedInterceptor.intercept(CglibAopProxy.java:719)
	at com.beaglescheduler.cmpe172project.service.AppointmentService$$SpringCGLIB$$0.bookAppointment(<generated>)
	at com.beaglescheduler.cmpe172project.controller.AppointmentController.submitBooking(AppointmentController.java:59)
	at java.base/jdk.internal.reflect.DirectMethodHandleAccessor.invoke(DirectMethodHandleAccessor.java:103)
	at java.base/java.lang.reflect.Method.invoke(Method.java:580)
	at org.springframework.web.method.support.InvocableHandlerMethod.doInvoke(InvocableHandlerMethod.java:252)
	at org.springframework.web.method.support.InvocableHandlerMethod.invokeForRequest(InvocableHandlerMethod.java:184)
	at org.springframework.web.servlet.mvc.method.annotation.ServletInvocableHandlerMethod.invokeAndHandle(ServletInvocableHandlerMethod.java:117)
	at org.springframework.web.servlet.mvc.method.annotation.RequestMappingHandlerAdapter.invokeHandlerMethod(RequestMappingHandlerAdapter.java:934)
	at org.springframework.web.servlet.mvc.method.annotation.RequestMappingHandlerAdapter.handleInternal(RequestMappingHandlerAdapter.java:853)
	at org.springframework.web.servlet.mvc.method.AbstractHandlerMethodAdapter.handle(AbstractHandlerMethodAdapter.java:86)
	at org.springframework.web.servlet.DispatcherServlet.doDispatch(DispatcherServlet.java:963)
	at org.springframework.web.servlet.DispatcherServlet.doService(DispatcherServlet.java:866)
	at org.springframework.web.servlet.FrameworkServlet.processRequest(FrameworkServlet.java:1000)
	at org.springframework.web.servlet.FrameworkServlet.doPost(FrameworkServlet.java:903)
	at jakarta.servlet.http.HttpServlet.service(HttpServlet.java:649)
	at org.springframework.web.servlet.FrameworkServlet.service(FrameworkServlet.java:874)
	at jakarta.servlet.http.HttpServlet.service(HttpServlet.java:710)
	at org.apache.catalina.core.ApplicationFilterChain.doFilter(ApplicationFilterChain.java:128)
	at org.apache.tomcat.websocket.server.WsFilter.doFilter(WsFilter.java:53)
	at org.apache.catalina.core.ApplicationFilterChain.doFilter(ApplicationFilterChain.java:107)
	at org.springframework.web.filter.CompositeFilter$VirtualFilterChain.doFilter(CompositeFilter.java:108)
	at org.springframework.security.web.FilterChainProxy.lambda$doFilterInternal$3(FilterChainProxy.java:235)
	at org.springframework.security.web.FilterChainProxy$VirtualFilterChain.doFilter(FilterChainProxy.java:371)
	at org.springframework.security.web.access.intercept.AuthorizationFilter.doFilter(AuthorizationFilter.java:101)
	at org.springframework.security.web.FilterChainProxy$VirtualFilterChain.doFilter(FilterChainProxy.java:380)
	at org.springframework.security.web.access.ExceptionTranslationFilter.doFilter(ExceptionTranslationFilter.java:126)
	at org.springframework.security.web.access.ExceptionTranslationFilter.doFilter(ExceptionTranslationFilter.java:120)
	at org.springframework.security.web.FilterChainProxy$VirtualFilterChain.doFilter(FilterChainProxy.java:380)
	at org.springframework.security.web.authentication.AnonymousAuthenticationFilter.doFilter(AnonymousAuthenticationFilter.java:100)
	at org.springframework.security.web.FilterChainProxy$VirtualFilterChain.doFilter(FilterChainProxy.java:380)
	at org.springframework.security.web.servletapi.SecurityContextHolderAwareRequestFilter.doFilter(SecurityContextHolderAwareRequestFilter.java:181)
	at org.springframework.security.web.FilterChainProxy$VirtualFilterChain.doFilter(FilterChainProxy.java:380)
	at org.springframework.security.web.savedrequest.RequestCacheAwareFilter.doFilter(RequestCacheAwareFilter.java:63)
	at org.springframework.security.web.FilterChainProxy$VirtualFilterChain.doFilter(FilterChainProxy.java:380)
	at org.springframework.security.web.authentication.AbstractAuthenticationProcessingFilter.doFilter(AbstractAuthenticationProcessingFilter.java:245)
	at org.springframework.security.web.authentication.AbstractAuthenticationProcessingFilter.doFilter(AbstractAuthenticationProcessingFilter.java:239)
	at org.springframework.security.web.FilterChainProxy$VirtualFilterChain.doFilter(FilterChainProxy.java:380)
	at org.springframework.security.web.authentication.logout.LogoutFilter.doFilter(LogoutFilter.java:110)
	at org.springframework.security.web.authentication.logout.LogoutFilter.doFilter(LogoutFilter.java:96)
	at org.springframework.security.web.FilterChainProxy$VirtualFilterChain.doFilter(FilterChainProxy.java:380)
	at org.springframework.security.web.csrf.CsrfFilter.doFilterInternal(CsrfFilter.java:135)
	at org.springframework.web.filter.OncePerRequestFilter.doFilter(OncePerRequestFilter.java:116)
	at org.springframework.security.web.FilterChainProxy$VirtualFilterChain.doFilter(FilterChainProxy.java:380)
	at org.springframework.web.filter.CorsFilter.doFilterInternal(CorsFilter.java:91)
	at org.springframework.web.filter.OncePerRequestFilter.doFilter(OncePerRequestFilter.java:116)
	at org.springframework.security.web.FilterChainProxy$VirtualFilterChain.doFilter(FilterChainProxy.java:380)
	at org.springframework.security.web.header.HeaderWriterFilter.doHeadersAfter(HeaderWriterFilter.java:90)
	at org.springframework.security.web.header.HeaderWriterFilter.doFilterInternal(HeaderWriterFilter.java:75)
	at org.springframework.web.filter.OncePerRequestFilter.doFilter(OncePerRequestFilter.java:116)
	at org.springframework.security.web.FilterChainProxy$VirtualFilterChain.doFilter(FilterChainProxy.java:380)
	at org.springframework.security.web.context.SecurityContextHolderFilter.doFilter(SecurityContextHolderFilter.java:82)
	at org.springframework.security.web.context.SecurityContextHolderFilter.doFilter(SecurityContextHolderFilter.java:69)
	at org.springframework.security.web.FilterChainProxy$VirtualFilterChain.doFilter(FilterChainProxy.java:380)
	at org.springframework.security.web.context.request.async.WebAsyncManagerIntegrationFilter.doFilterInternal(WebAsyncManagerIntegrationFilter.java:62)
	at org.springframework.web.filter.OncePerRequestFilter.doFilter(OncePerRequestFilter.java:116)
	at org.springframework.security.web.FilterChainProxy$VirtualFilterChain.doFilter(FilterChainProxy.java:380)
	at org.springframework.security.web.session.DisableEncodeUrlFilter.doFilterInternal(DisableEncodeUrlFilter.java:42)
	at org.springframework.web.filter.OncePerRequestFilter.doFilter(OncePerRequestFilter.java:116)
	at org.springframework.security.web.FilterChainProxy$VirtualFilterChain.doFilter(FilterChainProxy.java:380)
	at org.springframework.security.web.FilterChainProxy.doFilterInternal(FilterChainProxy.java:237)
	at org.springframework.security.web.FilterChainProxy.doFilter(FilterChainProxy.java:195)
	at org.springframework.web.filter.CompositeFilter$VirtualFilterChain.doFilter(CompositeFilter.java:113)
	at org.springframework.web.filter.ServletRequestPathFilter.doFilter(ServletRequestPathFilter.java:52)
	at org.springframework.web.filter.CompositeFilter$VirtualFilterChain.doFilter(CompositeFilter.java:113)
	at org.springframework.web.filter.CompositeFilter.doFilter(CompositeFilter.java:74)
	at org.springframework.security.config.annotation.web.configuration.WebSecurityConfiguration$CompositeFilterChainProxy.doFilter(WebSecurityConfiguration.java:317)
	at org.springframework.web.filter.DelegatingFilterProxy.invokeDelegate(DelegatingFilterProxy.java:355)
	at org.springframework.web.filter.DelegatingFilterProxy.doFilter(DelegatingFilterProxy.java:272)
	at org.apache.catalina.core.ApplicationFilterChain.doFilter(ApplicationFilterChain.java:107)
	at org.springframework.web.filter.RequestContextFilter.doFilterInternal(RequestContextFilter.java:100)
	at org.springframework.web.filter.OncePerRequestFilter.doFilter(OncePerRequestFilter.java:116)
	at org.apache.catalina.core.ApplicationFilterChain.doFilter(ApplicationFilterChain.java:107)
	at org.springframework.web.filter.FormContentFilter.doFilterInternal(FormContentFilter.java:93)
	at org.springframework.web.filter.OncePerRequestFilter.doFilter(OncePerRequestFilter.java:116)
	at org.apache.catalina.core.ApplicationFilterChain.doFilter(ApplicationFilterChain.java:107)
	at org.springframework.web.filter.CharacterEncodingFilter.doFilterInternal(CharacterEncodingFilter.java:199)
	at org.springframework.web.filter.OncePerRequestFilter.doFilter(OncePerRequestFilter.java:116)
	at org.apache.catalina.core.ApplicationFilterChain.doFilter(ApplicationFilterChain.java:107)
	at com.beaglescheduler.cmpe172project.RequestLoggingFilter.doFilterInternal(RequestLoggingFilter.java:32)
	at org.springframework.web.filter.OncePerRequestFilter.doFilter(OncePerRequestFilter.java:116)
	at org.apache.catalina.core.ApplicationFilterChain.doFilter(ApplicationFilterChain.java:107)
	at org.apache.catalina.core.StandardWrapperValve.invoke(StandardWrapperValve.java:165)
	at org.apache.catalina.core.StandardContextValve.invoke(StandardContextValve.java:77)
	at org.apache.catalina.authenticator.AuthenticatorBase.invoke(AuthenticatorBase.java:492)
	at org.apache.catalina.core.StandardHostValve.invoke(StandardHostValve.java:113)
	at org.apache.catalina.valves.ErrorReportValve.invoke(ErrorReportValve.java:83)
	at org.apache.catalina.core.StandardEngineValve.invoke(StandardEngineValve.java:72)
	at org.apache.catalina.connector.CoyoteAdapter.service(CoyoteAdapter.java:341)
	at org.apache.coyote.http11.Http11Processor.service(Http11Processor.java:397)
	at org.apache.coyote.AbstractProcessorLight.process(AbstractProcessorLight.java:63)
	at org.apache.coyote.AbstractProtocol$ConnectionHandler.process(AbstractProtocol.java:903)
	at org.apache.tomcat.util.net.NioEndpoint$SocketProcessor.doRun(NioEndpoint.java:1779)
	at org.apache.tomcat.util.net.SocketProcessorBase.run(SocketProcessorBase.java:52)
	at org.apache.tomcat.util.threads.ThreadPoolExecutor.runWorker(ThreadPoolExecutor.java:946)
	at org.apache.tomcat.util.threads.ThreadPoolExecutor$Worker.run(ThreadPoolExecutor.java:480)
	at org.apache.tomcat.util.threads.TaskThread$WrappingRunnable.run(TaskThread.java:57)
	at java.base/java.lang.Thread.run(Thread.java:1583)
2026-05-08 12:39:07.481 DEBUG o.s.web.servlet.DispatcherServlet - Completed 302 FOUND
2026-05-08 12:39:07.482 DEBUG o.s.s.w.a.AnonymousAuthenticationFilter - Set SecurityContextHolder to anonymous SecurityContext
2026-05-08 12:39:07.482 INFO  HTTP - POST /book -> 302 (42ms)
2026-05-08 12:39:07.485 DEBUG o.s.security.web.FilterChainProxy - Securing GET /slots
2026-05-08 12:39:07.485 DEBUG o.s.security.web.FilterChainProxy - Secured GET /slots
2026-05-08 12:39:07.485 DEBUG o.s.web.servlet.DispatcherServlet - GET "/slots", parameters={}
2026-05-08 12:39:07.486 TRACE o.s.w.s.m.m.a.RequestMappingHandlerMapping - Mapped to com.beaglescheduler.cmpe172project.controller.AppointmentController#listSlots(Model)
2026-05-08 12:39:07.486 DEBUG o.s.jdbc.core.JdbcTemplate - Executing SQL query [SELECT s.slot_id, s.machine_id, s.start_date, s.end_date,        s.is_available, m.serial_number, svc.model_name, svc.daily_rate FROM availability_slots s JOIN machines m ON s.machine_id = m.machine_id JOIN services svc ON m.service_id = svc.service_id WHERE s.is_available = TRUE ORDER BY s.start_date, m.serial_number]
2026-05-08 12:39:07.488 INFO  c.b.c.c.AppointmentController - GET /slots — returned 8 available slots
2026-05-08 12:39:07.495 DEBUG o.s.web.servlet.DispatcherServlet - Completed 200 OK
2026-05-08 12:39:07.495 DEBUG o.s.s.w.a.AnonymousAuthenticationFilter - Set SecurityContextHolder to anonymous SecurityContext
2026-05-08 12:39:07.495 INFO  HTTP - GET /slots -> 200 (10ms)
2026-05-08 12:39:07.519 DEBUG o.s.security.web.FilterChainProxy - Securing GET /favicon.ico
2026-05-08 12:39:07.519 DEBUG o.s.s.w.a.AnonymousAuthenticationFilter - Set SecurityContextHolder to anonymous SecurityContext
2026-05-08 12:39:07.519 DEBUG o.s.s.web.DefaultRedirectStrategy - Redirecting to /login
2026-05-08 12:39:07.519 INFO  HTTP - GET /favicon.ico -> 302 (1ms)
2026-05-08 12:39:07.521 DEBUG o.s.security.web.FilterChainProxy - Securing GET /login
2026-05-08 12:39:07.521 DEBUG o.s.security.web.FilterChainProxy - Secured GET /login
2026-05-08 12:39:07.521 DEBUG o.s.web.servlet.DispatcherServlet - GET "/login", parameters={}
2026-05-08 12:39:07.522 TRACE o.s.w.s.m.m.a.RequestMappingHandlerMapping - Mapped to com.beaglescheduler.cmpe172project.controller.LoginController#login()
2026-05-08 12:39:07.523 DEBUG o.s.web.servlet.DispatcherServlet - Completed 200 OK
2026-05-08 12:39:07.523 DEBUG o.s.s.w.a.AnonymousAuthenticationFilter - Set SecurityContextHolder to anonymous SecurityContext
2026-05-08 12:39:07.523 INFO  HTTP - GET /login -> 200 (2ms)
2026-05-08 12:39:10.851 DEBUG o.s.security.web.FilterChainProxy - Securing GET /book?slotId=4
2026-05-08 12:39:10.852 DEBUG o.s.security.web.FilterChainProxy - Secured GET /book?slotId=4
2026-05-08 12:39:10.852 DEBUG o.s.web.servlet.DispatcherServlet - GET "/book?slotId=4", parameters={masked}
2026-05-08 12:39:10.852 TRACE o.s.w.s.m.m.a.RequestMappingHandlerMapping - Mapped to com.beaglescheduler.cmpe172project.controller.AppointmentController#bookForm(long, Model)
2026-05-08 12:39:10.852 DEBUG o.s.jdbc.core.JdbcTemplate - Executing prepared SQL query
2026-05-08 12:39:10.852 DEBUG o.s.jdbc.core.JdbcTemplate - Executing prepared SQL statement [SELECT s.slot_id, s.machine_id, s.start_date, s.end_date,        s.is_available, m.serial_number, svc.model_name, svc.daily_rate FROM availability_slots s JOIN machines m ON s.machine_id = m.machine_id JOIN services svc ON m.service_id = svc.service_id WHERE s.slot_id = ?]
2026-05-08 12:39:10.853 TRACE o.s.jdbc.core.StatementCreatorUtils - Setting SQL statement parameter value: column index 1, parameter value [4], value class [java.lang.Long], SQL type unknown
2026-05-08 12:39:10.853 INFO  c.b.c.c.AppointmentController - Booking form served for slotId=4
2026-05-08 12:39:10.855 DEBUG o.s.web.servlet.DispatcherServlet - Completed 200 OK
2026-05-08 12:39:10.856 DEBUG o.s.s.w.a.AnonymousAuthenticationFilter - Set SecurityContextHolder to anonymous SecurityContext
2026-05-08 12:39:10.856 INFO  HTTP - GET /book?slotId=4 -> 200 (5ms)
2026-05-08 12:39:10.876 DEBUG o.s.security.web.FilterChainProxy - Securing GET /favicon.ico
2026-05-08 12:39:10.877 DEBUG o.s.s.w.a.AnonymousAuthenticationFilter - Set SecurityContextHolder to anonymous SecurityContext
2026-05-08 12:39:10.877 DEBUG o.s.s.web.DefaultRedirectStrategy - Redirecting to /login
2026-05-08 12:39:10.877 INFO  HTTP - GET /favicon.ico -> 302 (1ms)
2026-05-08 12:39:10.879 DEBUG o.s.security.web.FilterChainProxy - Securing GET /login
2026-05-08 12:39:10.880 DEBUG o.s.security.web.FilterChainProxy - Secured GET /login
2026-05-08 12:39:10.880 DEBUG o.s.web.servlet.DispatcherServlet - GET "/login", parameters={}
2026-05-08 12:39:10.880 TRACE o.s.w.s.m.m.a.RequestMappingHandlerMapping - Mapped to com.beaglescheduler.cmpe172project.controller.LoginController#login()
2026-05-08 12:39:10.882 DEBUG o.s.web.servlet.DispatcherServlet - Completed 200 OK
2026-05-08 12:39:10.882 DEBUG o.s.s.w.a.AnonymousAuthenticationFilter - Set SecurityContextHolder to anonymous SecurityContext
2026-05-08 12:39:10.882 INFO  HTTP - GET /login -> 200 (3ms)
2026-05-08 12:39:22.240 DEBUG o.s.security.web.FilterChainProxy - Securing POST /book
2026-05-08 12:39:22.242 DEBUG o.s.security.web.FilterChainProxy - Secured POST /book
2026-05-08 12:39:22.242 DEBUG o.s.web.servlet.DispatcherServlet - POST "/book", parameters={masked}
2026-05-08 12:39:22.242 TRACE o.s.w.s.m.m.a.RequestMappingHandlerMapping - Mapped to com.beaglescheduler.cmpe172project.controller.AppointmentController#submitBooking(long, String, String, String, RedirectAttributes)
2026-05-08 12:39:22.243 INFO  c.b.c.service.AppointmentService - Booking attempt: slotId=4, customerEmail=bhj@gm.com
2026-05-08 12:39:22.243 DEBUG o.s.jdbc.core.JdbcTemplate - Executing prepared SQL update
2026-05-08 12:39:22.243 DEBUG o.s.jdbc.core.JdbcTemplate - Executing prepared SQL statement [UPDATE availability_slots SET is_available = FALSE WHERE slot_id = ? AND is_available = TRUE]
2026-05-08 12:39:22.243 TRACE o.s.jdbc.core.StatementCreatorUtils - Setting SQL statement parameter value: column index 1, parameter value [4], value class [java.lang.Long], SQL type unknown
2026-05-08 12:39:22.244 INFO  c.b.c.service.AppointmentService - Slot successfully marked unavailable: slotId=4
2026-05-08 12:39:22.244 DEBUG o.s.jdbc.core.JdbcTemplate - Executing prepared SQL query
2026-05-08 12:39:22.244 DEBUG o.s.jdbc.core.JdbcTemplate - Executing prepared SQL statement [SELECT s.slot_id, s.machine_id, s.start_date, s.end_date,        s.is_available, m.serial_number, svc.model_name, svc.daily_rate FROM availability_slots s JOIN machines m ON s.machine_id = m.machine_id JOIN services svc ON m.service_id = svc.service_id WHERE s.slot_id = ?]
2026-05-08 12:39:22.244 TRACE o.s.jdbc.core.StatementCreatorUtils - Setting SQL statement parameter value: column index 1, parameter value [4], value class [java.lang.Long], SQL type unknown
2026-05-08 12:39:22.245 DEBUG o.s.jdbc.core.JdbcTemplate - Executing prepared SQL query
2026-05-08 12:39:22.245 DEBUG o.s.jdbc.core.JdbcTemplate - Executing prepared SQL statement [SELECT user_id, name, email, phone, role, password FROM users WHERE email = ?]
2026-05-08 12:39:22.245 TRACE o.s.jdbc.core.StatementCreatorUtils - Setting SQL statement parameter value: column index 1, parameter value [bhj@gm.com], value class [java.lang.String], SQL type unknown
2026-05-08 12:39:22.246 DEBUG o.s.jdbc.core.JdbcTemplate - Executing SQL update and returning generated keys
2026-05-08 12:39:22.246 DEBUG o.s.jdbc.core.JdbcTemplate - Executing prepared SQL statement
2026-05-08 12:39:22.246 ERROR c.b.c.service.AppointmentService - Database error during booking for slotId=4: The getKey method should only be used when a single key is returned. The current key entry contains multiple keys: [{USER_ID=6, CREATED_AT=2026-05-08 12:39:22.246541}]
org.springframework.dao.InvalidDataAccessApiUsageException: The getKey method should only be used when a single key is returned. The current key entry contains multiple keys: [{USER_ID=6, CREATED_AT=2026-05-08 12:39:22.246541}]
	at org.springframework.jdbc.support.GeneratedKeyHolder.getKeyAs(GeneratedKeyHolder.java:74)
	at org.springframework.jdbc.support.GeneratedKeyHolder.getKey(GeneratedKeyHolder.java:65)
	at com.beaglescheduler.cmpe172project.repository.AppUserRepository.save(AppUserRepository.java:89)
	at java.base/jdk.internal.reflect.DirectMethodHandleAccessor.invoke(DirectMethodHandleAccessor.java:103)
	at java.base/java.lang.reflect.Method.invoke(Method.java:580)
	at org.springframework.aop.support.AopUtils.invokeJoinpointUsingReflection(AopUtils.java:359)
	at org.springframework.aop.framework.ReflectiveMethodInvocation.invokeJoinpoint(ReflectiveMethodInvocation.java:190)
	at org.springframework.aop.framework.ReflectiveMethodInvocation.proceed(ReflectiveMethodInvocation.java:158)
	at org.springframework.dao.support.PersistenceExceptionTranslationInterceptor.invoke(PersistenceExceptionTranslationInterceptor.java:135)
	at org.springframework.aop.framework.ReflectiveMethodInvocation.proceed(ReflectiveMethodInvocation.java:179)
	at org.springframework.aop.framework.CglibAopProxy$DynamicAdvisedInterceptor.intercept(CglibAopProxy.java:719)
	at com.beaglescheduler.cmpe172project.repository.AppUserRepository$$SpringCGLIB$$0.save(<generated>)
	at com.beaglescheduler.cmpe172project.service.AppointmentService.bookAppointment(AppointmentService.java:66)
	at java.base/jdk.internal.reflect.DirectMethodHandleAccessor.invoke(DirectMethodHandleAccessor.java:103)
	at java.base/java.lang.reflect.Method.invoke(Method.java:580)
	at org.springframework.aop.support.AopUtils.invokeJoinpointUsingReflection(AopUtils.java:359)
	at org.springframework.aop.framework.ReflectiveMethodInvocation.invokeJoinpoint(ReflectiveMethodInvocation.java:190)
	at org.springframework.aop.framework.ReflectiveMethodInvocation.proceed(ReflectiveMethodInvocation.java:158)
	at org.springframework.transaction.interceptor.TransactionInterceptor$1.proceedWithInvocation(TransactionInterceptor.java:133)
	at org.springframework.transaction.interceptor.TransactionAspectSupport.invokeWithinTransaction(TransactionAspectSupport.java:371)
	at org.springframework.transaction.interceptor.TransactionInterceptor.invoke(TransactionInterceptor.java:130)
	at org.springframework.aop.framework.ReflectiveMethodInvocation.proceed(ReflectiveMethodInvocation.java:179)
	at org.springframework.aop.framework.CglibAopProxy$DynamicAdvisedInterceptor.intercept(CglibAopProxy.java:719)
	at com.beaglescheduler.cmpe172project.service.AppointmentService$$SpringCGLIB$$0.bookAppointment(<generated>)
	at com.beaglescheduler.cmpe172project.controller.AppointmentController.submitBooking(AppointmentController.java:59)
	at java.base/jdk.internal.reflect.DirectMethodHandleAccessor.invoke(DirectMethodHandleAccessor.java:103)
	at java.base/java.lang.reflect.Method.invoke(Method.java:580)
	at org.springframework.web.method.support.InvocableHandlerMethod.doInvoke(InvocableHandlerMethod.java:252)
	at org.springframework.web.method.support.InvocableHandlerMethod.invokeForRequest(InvocableHandlerMethod.java:184)
	at org.springframework.web.servlet.mvc.method.annotation.ServletInvocableHandlerMethod.invokeAndHandle(ServletInvocableHandlerMethod.java:117)
	at org.springframework.web.servlet.mvc.method.annotation.RequestMappingHandlerAdapter.invokeHandlerMethod(RequestMappingHandlerAdapter.java:934)
	at org.springframework.web.servlet.mvc.method.annotation.RequestMappingHandlerAdapter.handleInternal(RequestMappingHandlerAdapter.java:853)
	at org.springframework.web.servlet.mvc.method.AbstractHandlerMethodAdapter.handle(AbstractHandlerMethodAdapter.java:86)
	at org.springframework.web.servlet.DispatcherServlet.doDispatch(DispatcherServlet.java:963)
	at org.springframework.web.servlet.DispatcherServlet.doService(DispatcherServlet.java:866)
	at org.springframework.web.servlet.FrameworkServlet.processRequest(FrameworkServlet.java:1000)
	at org.springframework.web.servlet.FrameworkServlet.doPost(FrameworkServlet.java:903)
	at jakarta.servlet.http.HttpServlet.service(HttpServlet.java:649)
	at org.springframework.web.servlet.FrameworkServlet.service(FrameworkServlet.java:874)
	at jakarta.servlet.http.HttpServlet.service(HttpServlet.java:710)
	at org.apache.catalina.core.ApplicationFilterChain.doFilter(ApplicationFilterChain.java:128)
	at org.apache.tomcat.websocket.server.WsFilter.doFilter(WsFilter.java:53)
	at org.apache.catalina.core.ApplicationFilterChain.doFilter(ApplicationFilterChain.java:107)
	at org.springframework.web.filter.CompositeFilter$VirtualFilterChain.doFilter(CompositeFilter.java:108)
	at org.springframework.security.web.FilterChainProxy.lambda$doFilterInternal$3(FilterChainProxy.java:235)
	at org.springframework.security.web.FilterChainProxy$VirtualFilterChain.doFilter(FilterChainProxy.java:371)
	at org.springframework.security.web.access.intercept.AuthorizationFilter.doFilter(AuthorizationFilter.java:101)
	at org.springframework.security.web.FilterChainProxy$VirtualFilterChain.doFilter(FilterChainProxy.java:380)
	at org.springframework.security.web.access.ExceptionTranslationFilter.doFilter(ExceptionTranslationFilter.java:126)
	at org.springframework.security.web.access.ExceptionTranslationFilter.doFilter(ExceptionTranslationFilter.java:120)
	at org.springframework.security.web.FilterChainProxy$VirtualFilterChain.doFilter(FilterChainProxy.java:380)
	at org.springframework.security.web.authentication.AnonymousAuthenticationFilter.doFilter(AnonymousAuthenticationFilter.java:100)
	at org.springframework.security.web.FilterChainProxy$VirtualFilterChain.doFilter(FilterChainProxy.java:380)
	at org.springframework.security.web.servletapi.SecurityContextHolderAwareRequestFilter.doFilter(SecurityContextHolderAwareRequestFilter.java:181)
	at org.springframework.security.web.FilterChainProxy$VirtualFilterChain.doFilter(FilterChainProxy.java:380)
	at org.springframework.security.web.savedrequest.RequestCacheAwareFilter.doFilter(RequestCacheAwareFilter.java:63)
	at org.springframework.security.web.FilterChainProxy$VirtualFilterChain.doFilter(FilterChainProxy.java:380)
	at org.springframework.security.web.authentication.AbstractAuthenticationProcessingFilter.doFilter(AbstractAuthenticationProcessingFilter.java:245)
	at org.springframework.security.web.authentication.AbstractAuthenticationProcessingFilter.doFilter(AbstractAuthenticationProcessingFilter.java:239)
	at org.springframework.security.web.FilterChainProxy$VirtualFilterChain.doFilter(FilterChainProxy.java:380)
	at org.springframework.security.web.authentication.logout.LogoutFilter.doFilter(LogoutFilter.java:110)
	at org.springframework.security.web.authentication.logout.LogoutFilter.doFilter(LogoutFilter.java:96)
	at org.springframework.security.web.FilterChainProxy$VirtualFilterChain.doFilter(FilterChainProxy.java:380)
	at org.springframework.security.web.csrf.CsrfFilter.doFilterInternal(CsrfFilter.java:135)
	at org.springframework.web.filter.OncePerRequestFilter.doFilter(OncePerRequestFilter.java:116)
	at org.springframework.security.web.FilterChainProxy$VirtualFilterChain.doFilter(FilterChainProxy.java:380)
	at org.springframework.web.filter.CorsFilter.doFilterInternal(CorsFilter.java:91)
	at org.springframework.web.filter.OncePerRequestFilter.doFilter(OncePerRequestFilter.java:116)
	at org.springframework.security.web.FilterChainProxy$VirtualFilterChain.doFilter(FilterChainProxy.java:380)
	at org.springframework.security.web.header.HeaderWriterFilter.doHeadersAfter(HeaderWriterFilter.java:90)
	at org.springframework.security.web.header.HeaderWriterFilter.doFilterInternal(HeaderWriterFilter.java:75)
	at org.springframework.web.filter.OncePerRequestFilter.doFilter(OncePerRequestFilter.java:116)
	at org.springframework.security.web.FilterChainProxy$VirtualFilterChain.doFilter(FilterChainProxy.java:380)
	at org.springframework.security.web.context.SecurityContextHolderFilter.doFilter(SecurityContextHolderFilter.java:82)
	at org.springframework.security.web.context.SecurityContextHolderFilter.doFilter(SecurityContextHolderFilter.java:69)
	at org.springframework.security.web.FilterChainProxy$VirtualFilterChain.doFilter(FilterChainProxy.java:380)
	at org.springframework.security.web.context.request.async.WebAsyncManagerIntegrationFilter.doFilterInternal(WebAsyncManagerIntegrationFilter.java:62)
	at org.springframework.web.filter.OncePerRequestFilter.doFilter(OncePerRequestFilter.java:116)
	at org.springframework.security.web.FilterChainProxy$VirtualFilterChain.doFilter(FilterChainProxy.java:380)
	at org.springframework.security.web.session.DisableEncodeUrlFilter.doFilterInternal(DisableEncodeUrlFilter.java:42)
	at org.springframework.web.filter.OncePerRequestFilter.doFilter(OncePerRequestFilter.java:116)
	at org.springframework.security.web.FilterChainProxy$VirtualFilterChain.doFilter(FilterChainProxy.java:380)
	at org.springframework.security.web.FilterChainProxy.doFilterInternal(FilterChainProxy.java:237)
	at org.springframework.security.web.FilterChainProxy.doFilter(FilterChainProxy.java:195)
	at org.springframework.web.filter.CompositeFilter$VirtualFilterChain.doFilter(CompositeFilter.java:113)
	at org.springframework.web.filter.ServletRequestPathFilter.doFilter(ServletRequestPathFilter.java:52)
	at org.springframework.web.filter.CompositeFilter$VirtualFilterChain.doFilter(CompositeFilter.java:113)
	at org.springframework.web.filter.CompositeFilter.doFilter(CompositeFilter.java:74)
	at org.springframework.security.config.annotation.web.configuration.WebSecurityConfiguration$CompositeFilterChainProxy.doFilter(WebSecurityConfiguration.java:317)
	at org.springframework.web.filter.DelegatingFilterProxy.invokeDelegate(DelegatingFilterProxy.java:355)
	at org.springframework.web.filter.DelegatingFilterProxy.doFilter(DelegatingFilterProxy.java:272)
	at org.apache.catalina.core.ApplicationFilterChain.doFilter(ApplicationFilterChain.java:107)
	at org.springframework.web.filter.RequestContextFilter.doFilterInternal(RequestContextFilter.java:100)
	at org.springframework.web.filter.OncePerRequestFilter.doFilter(OncePerRequestFilter.java:116)
	at org.apache.catalina.core.ApplicationFilterChain.doFilter(ApplicationFilterChain.java:107)
	at org.springframework.web.filter.FormContentFilter.doFilterInternal(FormContentFilter.java:93)
	at org.springframework.web.filter.OncePerRequestFilter.doFilter(OncePerRequestFilter.java:116)
	at org.apache.catalina.core.ApplicationFilterChain.doFilter(ApplicationFilterChain.java:107)
	at org.springframework.web.filter.CharacterEncodingFilter.doFilterInternal(CharacterEncodingFilter.java:199)
	at org.springframework.web.filter.OncePerRequestFilter.doFilter(OncePerRequestFilter.java:116)
	at org.apache.catalina.core.ApplicationFilterChain.doFilter(ApplicationFilterChain.java:107)
	at com.beaglescheduler.cmpe172project.RequestLoggingFilter.doFilterInternal(RequestLoggingFilter.java:32)
	at org.springframework.web.filter.OncePerRequestFilter.doFilter(OncePerRequestFilter.java:116)
	at org.apache.catalina.core.ApplicationFilterChain.doFilter(ApplicationFilterChain.java:107)
	at org.apache.catalina.core.StandardWrapperValve.invoke(StandardWrapperValve.java:165)
	at org.apache.catalina.core.StandardContextValve.invoke(StandardContextValve.java:77)
	at org.apache.catalina.authenticator.AuthenticatorBase.invoke(AuthenticatorBase.java:492)
	at org.apache.catalina.core.StandardHostValve.invoke(StandardHostValve.java:113)
	at org.apache.catalina.valves.ErrorReportValve.invoke(ErrorReportValve.java:83)
	at org.apache.catalina.core.StandardEngineValve.invoke(StandardEngineValve.java:72)
	at org.apache.catalina.connector.CoyoteAdapter.service(CoyoteAdapter.java:341)
	at org.apache.coyote.http11.Http11Processor.service(Http11Processor.java:397)
	at org.apache.coyote.AbstractProcessorLight.process(AbstractProcessorLight.java:63)
	at org.apache.coyote.AbstractProtocol$ConnectionHandler.process(AbstractProtocol.java:903)
	at org.apache.tomcat.util.net.NioEndpoint$SocketProcessor.doRun(NioEndpoint.java:1779)
	at org.apache.tomcat.util.net.SocketProcessorBase.run(SocketProcessorBase.java:52)
	at org.apache.tomcat.util.threads.ThreadPoolExecutor.runWorker(ThreadPoolExecutor.java:946)
	at org.apache.tomcat.util.threads.ThreadPoolExecutor$Worker.run(ThreadPoolExecutor.java:480)
	at org.apache.tomcat.util.threads.TaskThread$WrappingRunnable.run(TaskThread.java:57)
	at java.base/java.lang.Thread.run(Thread.java:1583)
2026-05-08 12:39:22.251 DEBUG o.s.web.servlet.DispatcherServlet - Completed 302 FOUND
2026-05-08 12:39:22.251 DEBUG o.s.s.w.a.AnonymousAuthenticationFilter - Set SecurityContextHolder to anonymous SecurityContext
2026-05-08 12:39:22.251 INFO  HTTP - POST /book -> 302 (11ms)
2026-05-08 12:39:22.254 DEBUG o.s.security.web.FilterChainProxy - Securing GET /slots
2026-05-08 12:39:22.254 DEBUG o.s.security.web.FilterChainProxy - Secured GET /slots
2026-05-08 12:39:22.254 DEBUG o.s.web.servlet.DispatcherServlet - GET "/slots", parameters={}
2026-05-08 12:39:22.254 TRACE o.s.w.s.m.m.a.RequestMappingHandlerMapping - Mapped to com.beaglescheduler.cmpe172project.controller.AppointmentController#listSlots(Model)
2026-05-08 12:39:22.254 DEBUG o.s.jdbc.core.JdbcTemplate - Executing SQL query [SELECT s.slot_id, s.machine_id, s.start_date, s.end_date,        s.is_available, m.serial_number, svc.model_name, svc.daily_rate FROM availability_slots s JOIN machines m ON s.machine_id = m.machine_id JOIN services svc ON m.service_id = svc.service_id WHERE s.is_available = TRUE ORDER BY s.start_date, m.serial_number]
2026-05-08 12:39:22.256 INFO  c.b.c.c.AppointmentController - GET /slots — returned 8 available slots
2026-05-08 12:39:22.264 DEBUG o.s.web.servlet.DispatcherServlet - Completed 200 OK
2026-05-08 12:39:22.265 DEBUG o.s.s.w.a.AnonymousAuthenticationFilter - Set SecurityContextHolder to anonymous SecurityContext
2026-05-08 12:39:22.265 INFO  HTTP - GET /slots -> 200 (12ms)
2026-05-08 12:39:22.293 DEBUG o.s.security.web.FilterChainProxy - Securing GET /favicon.ico
2026-05-08 12:39:22.294 DEBUG o.s.s.w.a.AnonymousAuthenticationFilter - Set SecurityContextHolder to anonymous SecurityContext
2026-05-08 12:39:22.294 DEBUG o.s.s.web.DefaultRedirectStrategy - Redirecting to /login
2026-05-08 12:39:22.294 INFO  HTTP - GET /favicon.ico -> 302 (1ms)
2026-05-08 12:39:22.297 DEBUG o.s.security.web.FilterChainProxy - Securing GET /login
2026-05-08 12:39:22.298 DEBUG o.s.security.web.FilterChainProxy - Secured GET /login
2026-05-08 12:39:22.298 DEBUG o.s.web.servlet.DispatcherServlet - GET "/login", parameters={}
2026-05-08 12:39:22.298 TRACE o.s.w.s.m.m.a.RequestMappingHandlerMapping - Mapped to com.beaglescheduler.cmpe172project.controller.LoginController#login()
2026-05-08 12:39:22.300 DEBUG o.s.web.servlet.DispatcherServlet - Completed 200 OK
2026-05-08 12:39:22.300 DEBUG o.s.s.w.a.AnonymousAuthenticationFilter - Set SecurityContextHolder to anonymous SecurityContext
2026-05-08 12:39:22.300 INFO  HTTP - GET /login -> 200 (3ms)
2026-05-08 12:41:34.083 INFO  o.h.validator.internal.util.Version - HV000001: Hibernate Validator 9.0.1.Final
2026-05-08 12:41:34.147 INFO  c.b.c.Cmpe172ProjectApplication - Starting Cmpe172ProjectApplication using Java 21.0.9 with PID 10068 (C:\Users\giant\Documents\school\CMPE172Project\build\classes\java\main started by giant in C:\Users\giant\Documents\school\CMPE172Project)
2026-05-08 12:41:34.148 DEBUG c.b.c.Cmpe172ProjectApplication - Running with Spring Boot v4.0.3, Spring v7.0.5
2026-05-08 12:41:34.149 INFO  c.b.c.Cmpe172ProjectApplication - No active profile set, falling back to 1 default profile: "default"
2026-05-08 12:41:36.044 INFO  o.s.boot.tomcat.TomcatWebServer - Tomcat initialized with port 8080 (http)
2026-05-08 12:41:36.065 INFO  o.a.coyote.http11.Http11NioProtocol - Initializing ProtocolHandler ["http-nio-8080"]
2026-05-08 12:41:36.068 INFO  o.a.catalina.core.StandardService - Starting service [Tomcat]
2026-05-08 12:41:36.068 INFO  o.a.catalina.core.StandardEngine - Starting Servlet engine: [Apache Tomcat/11.0.18]
2026-05-08 12:41:36.169 INFO  o.s.b.w.c.s.WebApplicationContextInitializer - Root WebApplicationContext: initialization completed in 1945 ms
2026-05-08 12:41:36.252 DEBUG c.b.c.RequestLoggingFilter - Filter 'requestLoggingFilter' configured for use
2026-05-08 12:41:36.365 INFO  com.zaxxer.hikari.HikariDataSource - HikariPool-1 - Starting...
2026-05-08 12:41:36.638 INFO  com.zaxxer.hikari.pool.HikariPool - HikariPool-1 - Added connection conn0: url=jdbc:h2:mem:testdb user=SA
2026-05-08 12:41:36.641 INFO  com.zaxxer.hikari.HikariDataSource - HikariPool-1 - Start completed.
2026-05-08 12:41:37.014 INFO  o.s.s.c.a.a.c.InitializeUserDetailsBeanManagerConfigurer$InitializeUserDetailsManagerConfigurer - Global AuthenticationManager configured with UserDetailsService bean with name userDetailsService
2026-05-08 12:41:38.514 DEBUG o.s.s.web.DefaultSecurityFilterChain - Will secure org.springframework.security.config.annotation.web.configurers.oauth2.server.authorization.OAuth2AuthorizationServerConfigurer$$Lambda/0x0000020c8256b610@11148dc2 with filters: DisableEncodeUrlFilter, WebAsyncManagerIntegrationFilter, SecurityContextHolderFilter, AuthorizationServerContextFilter, HeaderWriterFilter, CorsFilter, CsrfFilter, LogoutFilter, OAuth2AuthorizationServerMetadataEndpointFilter, OAuth2AuthorizationCodeRequestValidatingFilter, NimbusJwkSetEndpointFilter, OAuth2ClientAuthenticationFilter, RequestCacheAwareFilter, SecurityContextHolderAwareRequestFilter, AnonymousAuthenticationFilter, ExceptionTranslationFilter, OAuth2AuthorizationEndpointFilter, OAuth2TokenEndpointFilter, OAuth2TokenIntrospectionEndpointFilter, OAuth2TokenRevocationEndpointFilter
2026-05-08 12:41:38.597 DEBUG o.s.s.web.DefaultSecurityFilterChain - Will secure Or [PathPattern [/add]] with filters: DisableEncodeUrlFilter, WebAsyncManagerIntegrationFilter, SecurityContextHolderFilter, HeaderWriterFilter, CorsFilter, CsrfFilter, LogoutFilter, OAuth2ProtectedResourceMetadataFilter, BearerTokenAuthenticationFilter, AuthenticationFilter, RequestCacheAwareFilter, SecurityContextHolderAwareRequestFilter, AnonymousAuthenticationFilter, ExceptionTranslationFilter, AuthorizationFilter
2026-05-08 12:41:38.648 DEBUG o.s.s.web.DefaultSecurityFilterChain - Will secure any request with filters: DisableEncodeUrlFilter, WebAsyncManagerIntegrationFilter, SecurityContextHolderFilter, HeaderWriterFilter, CorsFilter, CsrfFilter, LogoutFilter, UsernamePasswordAuthenticationFilter, RequestCacheAwareFilter, SecurityContextHolderAwareRequestFilter, AnonymousAuthenticationFilter, ExceptionTranslationFilter, AuthorizationFilter
2026-05-08 12:41:38.697 INFO  o.s.b.w.a.WelcomePageHandlerMapping - Adding welcome page template: index
2026-05-08 12:41:38.756 TRACE o.s.w.s.m.m.a.RequestMappingHandlerMapping - 
	c.b.c.AppointmentNotificationController:
	{POST [/appointments/{id}/notify]}: notifyAppointment(long)
2026-05-08 12:41:38.765 TRACE o.s.w.s.m.m.a.RequestMappingHandlerMapping - 
	c.b.c.c.AdminController:
	{POST [/admin/notify/{id}]}: notify(long)
	{POST [/admin/cancel/{id}]}: cancel(long)
	{GET [/admin/dashboard]}: dashboard(Model)
2026-05-08 12:41:38.768 TRACE o.s.w.s.m.m.a.RequestMappingHandlerMapping - 
	c.b.c.c.AppointmentController:
	{GET [/slots]}: listSlots(Model)
	{GET [/book]}: bookForm(long,Model)
	{GET [/appointments]}: listAppointments(Model)
	{POST [/book]}: submitBooking(long,String,String,String,RedirectAttributes)
	{GET [/confirmation]}: confirmation(Model)
2026-05-08 12:41:38.771 TRACE o.s.w.s.m.m.a.RequestMappingHandlerMapping - 
	c.b.c.c.HealthController:
	{GET [/health]}: health()
2026-05-08 12:41:38.771 TRACE o.s.w.s.m.m.a.RequestMappingHandlerMapping - 
	c.b.c.c.HomeController:
	{GET [/]}: home()
2026-05-08 12:41:38.772 TRACE o.s.w.s.m.m.a.RequestMappingHandlerMapping - 
	c.b.c.c.LoginController:
	{GET [/login]}: login()
2026-05-08 12:41:38.773 TRACE o.s.w.s.m.m.a.RequestMappingHandlerMapping - 
	c.b.c.c.TechnicianController:
	{GET [/technician/dashboard]}: dashboard(Model,Authentication)
	{POST [/technician/ready/{id}]}: markReady(long)
2026-05-08 12:41:38.774 TRACE o.s.w.s.m.m.a.RequestMappingHandlerMapping - 
	c.b.c.MathController:
	{GET [/add]}: add(int,int)
2026-05-08 12:41:38.774 TRACE o.s.w.s.m.m.a.RequestMappingHandlerMapping - 
	c.b.c.MockNotificationController:
	{POST [/mock/notify]}: notify(Map)
2026-05-08 12:41:38.780 TRACE o.s.w.s.m.m.a.RequestMappingHandlerMapping - 
	o.s.b.w.a.e.BasicErrorController:
	{ [/error]}: error(HttpServletRequest)
	{ [/error], produces [text/html]}: errorHtml(HttpServletRequest,HttpServletResponse)
2026-05-08 12:41:38.784 DEBUG o.s.w.s.m.m.a.RequestMappingHandlerMapping - 18 mappings in 'requestMappingHandlerMapping'
2026-05-08 12:41:38.963 INFO  o.a.coyote.http11.Http11NioProtocol - Starting ProtocolHandler ["http-nio-8080"]
2026-05-08 12:41:38.987 INFO  o.s.boot.tomcat.TomcatWebServer - Tomcat started on port 8080 (http) with context path '/'
2026-05-08 12:41:38.994 INFO  c.b.c.Cmpe172ProjectApplication - Started Cmpe172ProjectApplication in 5.694 seconds (process running for 6.295)
2026-05-08 12:41:51.017 INFO  o.a.c.c.C.[Tomcat].[localhost].[/] - Initializing Spring DispatcherServlet 'dispatcherServlet'
2026-05-08 12:41:51.018 INFO  o.s.web.servlet.DispatcherServlet - Initializing Servlet 'dispatcherServlet'
2026-05-08 12:41:51.018 DEBUG o.s.web.servlet.DispatcherServlet - Detected StandardServletMultipartResolver
2026-05-08 12:41:51.018 DEBUG o.s.web.servlet.DispatcherServlet - Detected AcceptHeaderLocaleResolver
2026-05-08 12:41:51.020 DEBUG o.s.web.servlet.DispatcherServlet - Detected org.springframework.web.servlet.view.DefaultRequestToViewNameTranslator@2f2690e9
2026-05-08 12:41:51.020 DEBUG o.s.web.servlet.DispatcherServlet - Detected org.springframework.web.servlet.support.SessionFlashMapManager@5f457279
2026-05-08 12:41:51.020 DEBUG o.s.web.servlet.DispatcherServlet - enableLoggingRequestDetails='false': request parameters and headers will be masked to prevent unsafe logging of potentially sensitive data
2026-05-08 12:41:51.021 INFO  o.s.web.servlet.DispatcherServlet - Completed initialization in 2 ms
2026-05-08 12:41:51.027 DEBUG o.s.security.web.FilterChainProxy - Securing GET /slots
2026-05-08 12:41:51.034 DEBUG o.s.security.web.FilterChainProxy - Secured GET /slots
2026-05-08 12:41:51.036 DEBUG o.s.web.servlet.DispatcherServlet - GET "/slots", parameters={}
2026-05-08 12:41:51.041 TRACE o.s.w.s.m.m.a.RequestMappingHandlerMapping - Mapped to com.beaglescheduler.cmpe172project.controller.AppointmentController#listSlots(Model)
2026-05-08 12:41:51.050 DEBUG o.s.jdbc.core.JdbcTemplate - Executing SQL query [SELECT s.slot_id, s.machine_id, s.start_date, s.end_date,        s.is_available, m.serial_number, svc.model_name, svc.daily_rate FROM availability_slots s JOIN machines m ON s.machine_id = m.machine_id JOIN services svc ON m.service_id = svc.service_id WHERE s.is_available = TRUE ORDER BY s.start_date, m.serial_number]
2026-05-08 12:41:51.060 INFO  c.b.c.c.AppointmentController - GET /slots — returned 8 available slots
2026-05-08 12:41:51.288 DEBUG o.s.web.servlet.DispatcherServlet - Completed 200 OK
2026-05-08 12:41:51.289 DEBUG o.s.s.w.a.AnonymousAuthenticationFilter - Set SecurityContextHolder to anonymous SecurityContext
2026-05-08 12:41:51.289 INFO  HTTP - GET /slots -> 200 (267ms)
2026-05-08 12:41:51.332 DEBUG o.s.security.web.FilterChainProxy - Securing GET /favicon.ico
2026-05-08 12:41:51.333 DEBUG o.s.s.w.a.AnonymousAuthenticationFilter - Set SecurityContextHolder to anonymous SecurityContext
2026-05-08 12:41:51.335 DEBUG o.s.s.web.DefaultRedirectStrategy - Redirecting to /login
2026-05-08 12:41:51.335 INFO  HTTP - GET /favicon.ico -> 302 (3ms)
2026-05-08 12:41:51.338 DEBUG o.s.security.web.FilterChainProxy - Securing GET /login
2026-05-08 12:41:51.339 DEBUG o.s.security.web.FilterChainProxy - Secured GET /login
2026-05-08 12:41:51.339 DEBUG o.s.web.servlet.DispatcherServlet - GET "/login", parameters={}
2026-05-08 12:41:51.339 TRACE o.s.w.s.m.m.a.RequestMappingHandlerMapping - Mapped to com.beaglescheduler.cmpe172project.controller.LoginController#login()
2026-05-08 12:41:51.356 DEBUG o.s.web.servlet.DispatcherServlet - Completed 200 OK
2026-05-08 12:41:51.356 DEBUG o.s.s.w.a.AnonymousAuthenticationFilter - Set SecurityContextHolder to anonymous SecurityContext
2026-05-08 12:41:51.356 INFO  HTTP - GET /login -> 200 (18ms)
2026-05-08 12:41:52.257 DEBUG o.s.security.web.FilterChainProxy - Securing GET /book?slotId=4
2026-05-08 12:41:52.265 DEBUG o.s.security.web.FilterChainProxy - Secured GET /book?slotId=4
2026-05-08 12:41:52.266 DEBUG o.s.web.servlet.DispatcherServlet - GET "/book?slotId=4", parameters={masked}
2026-05-08 12:41:52.266 TRACE o.s.w.s.m.m.a.RequestMappingHandlerMapping - Mapped to com.beaglescheduler.cmpe172project.controller.AppointmentController#bookForm(long, Model)
2026-05-08 12:41:52.272 DEBUG o.s.jdbc.core.JdbcTemplate - Executing prepared SQL query
2026-05-08 12:41:52.272 DEBUG o.s.jdbc.core.JdbcTemplate - Executing prepared SQL statement [SELECT s.slot_id, s.machine_id, s.start_date, s.end_date,        s.is_available, m.serial_number, svc.model_name, svc.daily_rate FROM availability_slots s JOIN machines m ON s.machine_id = m.machine_id JOIN services svc ON m.service_id = svc.service_id WHERE s.slot_id = ?]
2026-05-08 12:41:52.276 TRACE o.s.jdbc.core.StatementCreatorUtils - Setting SQL statement parameter value: column index 1, parameter value [4], value class [java.lang.Long], SQL type unknown
2026-05-08 12:41:52.284 INFO  c.b.c.c.AppointmentController - Booking form served for slotId=4
2026-05-08 12:41:52.290 DEBUG o.s.web.servlet.DispatcherServlet - Completed 200 OK
2026-05-08 12:41:52.290 DEBUG o.s.s.w.a.AnonymousAuthenticationFilter - Set SecurityContextHolder to anonymous SecurityContext
2026-05-08 12:41:52.290 INFO  HTTP - GET /book?slotId=4 -> 200 (33ms)
2026-05-08 12:41:52.318 DEBUG o.s.security.web.FilterChainProxy - Securing GET /favicon.ico
2026-05-08 12:41:52.319 DEBUG o.s.s.w.a.AnonymousAuthenticationFilter - Set SecurityContextHolder to anonymous SecurityContext
2026-05-08 12:41:52.319 DEBUG o.s.s.web.DefaultRedirectStrategy - Redirecting to /login
2026-05-08 12:41:52.319 INFO  HTTP - GET /favicon.ico -> 302 (1ms)
2026-05-08 12:41:52.322 DEBUG o.s.security.web.FilterChainProxy - Securing GET /login
2026-05-08 12:41:52.322 DEBUG o.s.security.web.FilterChainProxy - Secured GET /login
2026-05-08 12:41:52.322 DEBUG o.s.web.servlet.DispatcherServlet - GET "/login", parameters={}
2026-05-08 12:41:52.322 TRACE o.s.w.s.m.m.a.RequestMappingHandlerMapping - Mapped to com.beaglescheduler.cmpe172project.controller.LoginController#login()
2026-05-08 12:41:52.324 DEBUG o.s.web.servlet.DispatcherServlet - Completed 200 OK
2026-05-08 12:41:52.324 DEBUG o.s.s.w.a.AnonymousAuthenticationFilter - Set SecurityContextHolder to anonymous SecurityContext
2026-05-08 12:41:52.324 INFO  HTTP - GET /login -> 200 (3ms)
2026-05-08 12:41:58.841 DEBUG o.s.security.web.FilterChainProxy - Securing POST /book
2026-05-08 12:41:58.846 DEBUG o.s.security.web.FilterChainProxy - Secured POST /book
2026-05-08 12:41:58.846 DEBUG o.s.web.servlet.DispatcherServlet - POST "/book", parameters={masked}
2026-05-08 12:41:58.847 TRACE o.s.w.s.m.m.a.RequestMappingHandlerMapping - Mapped to com.beaglescheduler.cmpe172project.controller.AppointmentController#submitBooking(long, String, String, String, RedirectAttributes)
2026-05-08 12:41:58.854 INFO  c.b.c.service.AppointmentService - Booking attempt: slotId=4, customerEmail=fefe@gmail.com
2026-05-08 12:41:58.855 DEBUG o.s.jdbc.core.JdbcTemplate - Executing prepared SQL update
2026-05-08 12:41:58.855 DEBUG o.s.jdbc.core.JdbcTemplate - Executing prepared SQL statement [UPDATE availability_slots SET is_available = FALSE WHERE slot_id = ? AND is_available = TRUE]
2026-05-08 12:41:58.856 TRACE o.s.jdbc.core.StatementCreatorUtils - Setting SQL statement parameter value: column index 1, parameter value [4], value class [java.lang.Long], SQL type unknown
2026-05-08 12:41:58.857 INFO  c.b.c.service.AppointmentService - Slot successfully marked unavailable: slotId=4
2026-05-08 12:41:58.857 DEBUG o.s.jdbc.core.JdbcTemplate - Executing prepared SQL query
2026-05-08 12:41:58.857 DEBUG o.s.jdbc.core.JdbcTemplate - Executing prepared SQL statement [SELECT s.slot_id, s.machine_id, s.start_date, s.end_date,        s.is_available, m.serial_number, svc.model_name, svc.daily_rate FROM availability_slots s JOIN machines m ON s.machine_id = m.machine_id JOIN services svc ON m.service_id = svc.service_id WHERE s.slot_id = ?]
2026-05-08 12:41:58.857 TRACE o.s.jdbc.core.StatementCreatorUtils - Setting SQL statement parameter value: column index 1, parameter value [4], value class [java.lang.Long], SQL type unknown
2026-05-08 12:41:58.857 DEBUG o.s.jdbc.core.JdbcTemplate - Executing prepared SQL query
2026-05-08 12:41:58.857 DEBUG o.s.jdbc.core.JdbcTemplate - Executing prepared SQL statement [SELECT user_id, name, email, phone, role, password FROM users WHERE email = ?]
2026-05-08 12:41:58.858 TRACE o.s.jdbc.core.StatementCreatorUtils - Setting SQL statement parameter value: column index 1, parameter value [fefe@gmail.com], value class [java.lang.String], SQL type unknown
2026-05-08 12:41:58.858 DEBUG o.s.jdbc.core.JdbcTemplate - Executing SQL update and returning generated keys
2026-05-08 12:41:58.859 DEBUG o.s.jdbc.core.JdbcTemplate - Executing prepared SQL statement
2026-05-08 12:41:58.864 DEBUG o.s.jdbc.core.JdbcTemplate - Executing SQL update and returning generated keys
2026-05-08 12:41:58.864 DEBUG o.s.jdbc.core.JdbcTemplate - Executing prepared SQL statement
2026-05-08 12:41:58.867 ERROR c.b.c.service.AppointmentService - Database error during booking for slotId=4: The getKey method should only be used when a single key is returned. The current key entry contains multiple keys: [{APPOINTMENT_ID=1, BOOKED_AT=2026-05-08 12:41:58.864206}]
org.springframework.dao.InvalidDataAccessApiUsageException: The getKey method should only be used when a single key is returned. The current key entry contains multiple keys: [{APPOINTMENT_ID=1, BOOKED_AT=2026-05-08 12:41:58.864206}]
	at org.springframework.jdbc.support.GeneratedKeyHolder.getKeyAs(GeneratedKeyHolder.java:74)
	at org.springframework.jdbc.support.GeneratedKeyHolder.getKey(GeneratedKeyHolder.java:65)
	at com.beaglescheduler.cmpe172project.repository.AppointmentRepository.save(AppointmentRepository.java:79)
	at java.base/jdk.internal.reflect.DirectMethodHandleAccessor.invoke(DirectMethodHandleAccessor.java:103)
	at java.base/java.lang.reflect.Method.invoke(Method.java:580)
	at org.springframework.aop.support.AopUtils.invokeJoinpointUsingReflection(AopUtils.java:359)
	at org.springframework.aop.framework.ReflectiveMethodInvocation.invokeJoinpoint(ReflectiveMethodInvocation.java:190)
	at org.springframework.aop.framework.ReflectiveMethodInvocation.proceed(ReflectiveMethodInvocation.java:158)
	at org.springframework.dao.support.PersistenceExceptionTranslationInterceptor.invoke(PersistenceExceptionTranslationInterceptor.java:135)
	at org.springframework.aop.framework.ReflectiveMethodInvocation.proceed(ReflectiveMethodInvocation.java:179)
	at org.springframework.aop.framework.CglibAopProxy$DynamicAdvisedInterceptor.intercept(CglibAopProxy.java:719)
	at com.beaglescheduler.cmpe172project.repository.AppointmentRepository$$SpringCGLIB$$0.save(<generated>)
	at com.beaglescheduler.cmpe172project.service.AppointmentService.bookAppointment(AppointmentService.java:75)
	at java.base/jdk.internal.reflect.DirectMethodHandleAccessor.invoke(DirectMethodHandleAccessor.java:103)
	at java.base/java.lang.reflect.Method.invoke(Method.java:580)
	at org.springframework.aop.support.AopUtils.invokeJoinpointUsingReflection(AopUtils.java:359)
	at org.springframework.aop.framework.ReflectiveMethodInvocation.invokeJoinpoint(ReflectiveMethodInvocation.java:190)
	at org.springframework.aop.framework.ReflectiveMethodInvocation.proceed(ReflectiveMethodInvocation.java:158)
	at org.springframework.transaction.interceptor.TransactionInterceptor$1.proceedWithInvocation(TransactionInterceptor.java:133)
	at org.springframework.transaction.interceptor.TransactionAspectSupport.invokeWithinTransaction(TransactionAspectSupport.java:371)
	at org.springframework.transaction.interceptor.TransactionInterceptor.invoke(TransactionInterceptor.java:130)
	at org.springframework.aop.framework.ReflectiveMethodInvocation.proceed(ReflectiveMethodInvocation.java:179)
	at org.springframework.aop.framework.CglibAopProxy$DynamicAdvisedInterceptor.intercept(CglibAopProxy.java:719)
	at com.beaglescheduler.cmpe172project.service.AppointmentService$$SpringCGLIB$$0.bookAppointment(<generated>)
	at com.beaglescheduler.cmpe172project.controller.AppointmentController.submitBooking(AppointmentController.java:59)
	at java.base/jdk.internal.reflect.DirectMethodHandleAccessor.invoke(DirectMethodHandleAccessor.java:103)
	at java.base/java.lang.reflect.Method.invoke(Method.java:580)
	at org.springframework.web.method.support.InvocableHandlerMethod.doInvoke(InvocableHandlerMethod.java:252)
	at org.springframework.web.method.support.InvocableHandlerMethod.invokeForRequest(InvocableHandlerMethod.java:184)
	at org.springframework.web.servlet.mvc.method.annotation.ServletInvocableHandlerMethod.invokeAndHandle(ServletInvocableHandlerMethod.java:117)
	at org.springframework.web.servlet.mvc.method.annotation.RequestMappingHandlerAdapter.invokeHandlerMethod(RequestMappingHandlerAdapter.java:934)
	at org.springframework.web.servlet.mvc.method.annotation.RequestMappingHandlerAdapter.handleInternal(RequestMappingHandlerAdapter.java:853)
	at org.springframework.web.servlet.mvc.method.AbstractHandlerMethodAdapter.handle(AbstractHandlerMethodAdapter.java:86)
	at org.springframework.web.servlet.DispatcherServlet.doDispatch(DispatcherServlet.java:963)
	at org.springframework.web.servlet.DispatcherServlet.doService(DispatcherServlet.java:866)
	at org.springframework.web.servlet.FrameworkServlet.processRequest(FrameworkServlet.java:1000)
	at org.springframework.web.servlet.FrameworkServlet.doPost(FrameworkServlet.java:903)
	at jakarta.servlet.http.HttpServlet.service(HttpServlet.java:649)
	at org.springframework.web.servlet.FrameworkServlet.service(FrameworkServlet.java:874)
	at jakarta.servlet.http.HttpServlet.service(HttpServlet.java:710)
	at org.apache.catalina.core.ApplicationFilterChain.doFilter(ApplicationFilterChain.java:128)
	at org.apache.tomcat.websocket.server.WsFilter.doFilter(WsFilter.java:53)
	at org.apache.catalina.core.ApplicationFilterChain.doFilter(ApplicationFilterChain.java:107)
	at org.springframework.web.filter.CompositeFilter$VirtualFilterChain.doFilter(CompositeFilter.java:108)
	at org.springframework.security.web.FilterChainProxy.lambda$doFilterInternal$3(FilterChainProxy.java:235)
	at org.springframework.security.web.FilterChainProxy$VirtualFilterChain.doFilter(FilterChainProxy.java:371)
	at org.springframework.security.web.access.intercept.AuthorizationFilter.doFilter(AuthorizationFilter.java:101)
	at org.springframework.security.web.FilterChainProxy$VirtualFilterChain.doFilter(FilterChainProxy.java:380)
	at org.springframework.security.web.access.ExceptionTranslationFilter.doFilter(ExceptionTranslationFilter.java:126)
	at org.springframework.security.web.access.ExceptionTranslationFilter.doFilter(ExceptionTranslationFilter.java:120)
	at org.springframework.security.web.FilterChainProxy$VirtualFilterChain.doFilter(FilterChainProxy.java:380)
	at org.springframework.security.web.authentication.AnonymousAuthenticationFilter.doFilter(AnonymousAuthenticationFilter.java:100)
	at org.springframework.security.web.FilterChainProxy$VirtualFilterChain.doFilter(FilterChainProxy.java:380)
	at org.springframework.security.web.servletapi.SecurityContextHolderAwareRequestFilter.doFilter(SecurityContextHolderAwareRequestFilter.java:181)
	at org.springframework.security.web.FilterChainProxy$VirtualFilterChain.doFilter(FilterChainProxy.java:380)
	at org.springframework.security.web.savedrequest.RequestCacheAwareFilter.doFilter(RequestCacheAwareFilter.java:63)
	at org.springframework.security.web.FilterChainProxy$VirtualFilterChain.doFilter(FilterChainProxy.java:380)
	at org.springframework.security.web.authentication.AbstractAuthenticationProcessingFilter.doFilter(AbstractAuthenticationProcessingFilter.java:245)
	at org.springframework.security.web.authentication.AbstractAuthenticationProcessingFilter.doFilter(AbstractAuthenticationProcessingFilter.java:239)
	at org.springframework.security.web.FilterChainProxy$VirtualFilterChain.doFilter(FilterChainProxy.java:380)
	at org.springframework.security.web.authentication.logout.LogoutFilter.doFilter(LogoutFilter.java:110)
	at org.springframework.security.web.authentication.logout.LogoutFilter.doFilter(LogoutFilter.java:96)
	at org.springframework.security.web.FilterChainProxy$VirtualFilterChain.doFilter(FilterChainProxy.java:380)
	at org.springframework.security.web.csrf.CsrfFilter.doFilterInternal(CsrfFilter.java:135)
	at org.springframework.web.filter.OncePerRequestFilter.doFilter(OncePerRequestFilter.java:116)
	at org.springframework.security.web.FilterChainProxy$VirtualFilterChain.doFilter(FilterChainProxy.java:380)
	at org.springframework.web.filter.CorsFilter.doFilterInternal(CorsFilter.java:91)
	at org.springframework.web.filter.OncePerRequestFilter.doFilter(OncePerRequestFilter.java:116)
	at org.springframework.security.web.FilterChainProxy$VirtualFilterChain.doFilter(FilterChainProxy.java:380)
	at org.springframework.security.web.header.HeaderWriterFilter.doHeadersAfter(HeaderWriterFilter.java:90)
	at org.springframework.security.web.header.HeaderWriterFilter.doFilterInternal(HeaderWriterFilter.java:75)
	at org.springframework.web.filter.OncePerRequestFilter.doFilter(OncePerRequestFilter.java:116)
	at org.springframework.security.web.FilterChainProxy$VirtualFilterChain.doFilter(FilterChainProxy.java:380)
	at org.springframework.security.web.context.SecurityContextHolderFilter.doFilter(SecurityContextHolderFilter.java:82)
	at org.springframework.security.web.context.SecurityContextHolderFilter.doFilter(SecurityContextHolderFilter.java:69)
	at org.springframework.security.web.FilterChainProxy$VirtualFilterChain.doFilter(FilterChainProxy.java:380)
	at org.springframework.security.web.context.request.async.WebAsyncManagerIntegrationFilter.doFilterInternal(WebAsyncManagerIntegrationFilter.java:62)
	at org.springframework.web.filter.OncePerRequestFilter.doFilter(OncePerRequestFilter.java:116)
	at org.springframework.security.web.FilterChainProxy$VirtualFilterChain.doFilter(FilterChainProxy.java:380)
	at org.springframework.security.web.session.DisableEncodeUrlFilter.doFilterInternal(DisableEncodeUrlFilter.java:42)
	at org.springframework.web.filter.OncePerRequestFilter.doFilter(OncePerRequestFilter.java:116)
	at org.springframework.security.web.FilterChainProxy$VirtualFilterChain.doFilter(FilterChainProxy.java:380)
	at org.springframework.security.web.FilterChainProxy.doFilterInternal(FilterChainProxy.java:237)
	at org.springframework.security.web.FilterChainProxy.doFilter(FilterChainProxy.java:195)
	at org.springframework.web.filter.CompositeFilter$VirtualFilterChain.doFilter(CompositeFilter.java:113)
	at org.springframework.web.filter.ServletRequestPathFilter.doFilter(ServletRequestPathFilter.java:52)
	at org.springframework.web.filter.CompositeFilter$VirtualFilterChain.doFilter(CompositeFilter.java:113)
	at org.springframework.web.filter.CompositeFilter.doFilter(CompositeFilter.java:74)
	at org.springframework.security.config.annotation.web.configuration.WebSecurityConfiguration$CompositeFilterChainProxy.doFilter(WebSecurityConfiguration.java:317)
	at org.springframework.web.filter.DelegatingFilterProxy.invokeDelegate(DelegatingFilterProxy.java:355)
	at org.springframework.web.filter.DelegatingFilterProxy.doFilter(DelegatingFilterProxy.java:272)
	at org.apache.catalina.core.ApplicationFilterChain.doFilter(ApplicationFilterChain.java:107)
	at org.springframework.web.filter.RequestContextFilter.doFilterInternal(RequestContextFilter.java:100)
	at org.springframework.web.filter.OncePerRequestFilter.doFilter(OncePerRequestFilter.java:116)
	at org.apache.catalina.core.ApplicationFilterChain.doFilter(ApplicationFilterChain.java:107)
	at org.springframework.web.filter.FormContentFilter.doFilterInternal(FormContentFilter.java:93)
	at org.springframework.web.filter.OncePerRequestFilter.doFilter(OncePerRequestFilter.java:116)
	at org.apache.catalina.core.ApplicationFilterChain.doFilter(ApplicationFilterChain.java:107)
	at org.springframework.web.filter.CharacterEncodingFilter.doFilterInternal(CharacterEncodingFilter.java:199)
	at org.springframework.web.filter.OncePerRequestFilter.doFilter(OncePerRequestFilter.java:116)
	at org.apache.catalina.core.ApplicationFilterChain.doFilter(ApplicationFilterChain.java:107)
	at com.beaglescheduler.cmpe172project.RequestLoggingFilter.doFilterInternal(RequestLoggingFilter.java:32)
	at org.springframework.web.filter.OncePerRequestFilter.doFilter(OncePerRequestFilter.java:116)
	at org.apache.catalina.core.ApplicationFilterChain.doFilter(ApplicationFilterChain.java:107)
	at org.apache.catalina.core.StandardWrapperValve.invoke(StandardWrapperValve.java:165)
	at org.apache.catalina.core.StandardContextValve.invoke(StandardContextValve.java:77)
	at org.apache.catalina.authenticator.AuthenticatorBase.invoke(AuthenticatorBase.java:492)
	at org.apache.catalina.core.StandardHostValve.invoke(StandardHostValve.java:113)
	at org.apache.catalina.valves.ErrorReportValve.invoke(ErrorReportValve.java:83)
	at org.apache.catalina.core.StandardEngineValve.invoke(StandardEngineValve.java:72)
	at org.apache.catalina.connector.CoyoteAdapter.service(CoyoteAdapter.java:341)
	at org.apache.coyote.http11.Http11Processor.service(Http11Processor.java:397)
	at org.apache.coyote.AbstractProcessorLight.process(AbstractProcessorLight.java:63)
	at org.apache.coyote.AbstractProtocol$ConnectionHandler.process(AbstractProtocol.java:903)
	at org.apache.tomcat.util.net.NioEndpoint$SocketProcessor.doRun(NioEndpoint.java:1779)
	at org.apache.tomcat.util.net.SocketProcessorBase.run(SocketProcessorBase.java:52)
	at org.apache.tomcat.util.threads.ThreadPoolExecutor.runWorker(ThreadPoolExecutor.java:946)
	at org.apache.tomcat.util.threads.ThreadPoolExecutor$Worker.run(ThreadPoolExecutor.java:480)
	at org.apache.tomcat.util.threads.TaskThread$WrappingRunnable.run(TaskThread.java:57)
	at java.base/java.lang.Thread.run(Thread.java:1583)
2026-05-08 12:41:58.874 DEBUG o.s.web.servlet.DispatcherServlet - Completed 302 FOUND
2026-05-08 12:41:58.874 DEBUG o.s.s.w.a.AnonymousAuthenticationFilter - Set SecurityContextHolder to anonymous SecurityContext
2026-05-08 12:41:58.875 INFO  HTTP - POST /book -> 302 (34ms)
2026-05-08 12:41:58.878 DEBUG o.s.security.web.FilterChainProxy - Securing GET /slots
2026-05-08 12:41:58.879 DEBUG o.s.security.web.FilterChainProxy - Secured GET /slots
2026-05-08 12:41:58.879 DEBUG o.s.web.servlet.DispatcherServlet - GET "/slots", parameters={}
2026-05-08 12:41:58.880 TRACE o.s.w.s.m.m.a.RequestMappingHandlerMapping - Mapped to com.beaglescheduler.cmpe172project.controller.AppointmentController#listSlots(Model)
2026-05-08 12:41:58.881 DEBUG o.s.jdbc.core.JdbcTemplate - Executing SQL query [SELECT s.slot_id, s.machine_id, s.start_date, s.end_date,        s.is_available, m.serial_number, svc.model_name, svc.daily_rate FROM availability_slots s JOIN machines m ON s.machine_id = m.machine_id JOIN services svc ON m.service_id = svc.service_id WHERE s.is_available = TRUE ORDER BY s.start_date, m.serial_number]
2026-05-08 12:41:58.882 INFO  c.b.c.c.AppointmentController - GET /slots — returned 8 available slots
2026-05-08 12:41:58.890 DEBUG o.s.web.servlet.DispatcherServlet - Completed 200 OK
2026-05-08 12:41:58.890 DEBUG o.s.s.w.a.AnonymousAuthenticationFilter - Set SecurityContextHolder to anonymous SecurityContext
2026-05-08 12:41:58.890 INFO  HTTP - GET /slots -> 200 (12ms)
2026-05-08 12:41:58.916 DEBUG o.s.security.web.FilterChainProxy - Securing GET /favicon.ico
2026-05-08 12:41:58.917 DEBUG o.s.s.w.a.AnonymousAuthenticationFilter - Set SecurityContextHolder to anonymous SecurityContext
2026-05-08 12:41:58.917 DEBUG o.s.s.web.DefaultRedirectStrategy - Redirecting to /login
2026-05-08 12:41:58.917 INFO  HTTP - GET /favicon.ico -> 302 (1ms)
2026-05-08 12:41:58.920 DEBUG o.s.security.web.FilterChainProxy - Securing GET /login
2026-05-08 12:41:58.921 DEBUG o.s.security.web.FilterChainProxy - Secured GET /login
2026-05-08 12:41:58.921 DEBUG o.s.web.servlet.DispatcherServlet - GET "/login", parameters={}
2026-05-08 12:41:58.921 TRACE o.s.w.s.m.m.a.RequestMappingHandlerMapping - Mapped to com.beaglescheduler.cmpe172project.controller.LoginController#login()
2026-05-08 12:41:58.923 DEBUG o.s.web.servlet.DispatcherServlet - Completed 200 OK
2026-05-08 12:41:58.923 DEBUG o.s.s.w.a.AnonymousAuthenticationFilter - Set SecurityContextHolder to anonymous SecurityContext
2026-05-08 12:41:58.924 INFO  HTTP - GET /login -> 200 (4ms)
2026-05-08 12:43:55.843 INFO  o.h.validator.internal.util.Version - HV000001: Hibernate Validator 9.0.1.Final
2026-05-08 12:43:55.908 INFO  c.b.c.Cmpe172ProjectApplication - Starting Cmpe172ProjectApplication using Java 21.0.9 with PID 38556 (C:\Users\giant\Documents\school\CMPE172Project\build\classes\java\main started by giant in C:\Users\giant\Documents\school\CMPE172Project)
2026-05-08 12:43:55.909 DEBUG c.b.c.Cmpe172ProjectApplication - Running with Spring Boot v4.0.3, Spring v7.0.5
2026-05-08 12:43:55.910 INFO  c.b.c.Cmpe172ProjectApplication - No active profile set, falling back to 1 default profile: "default"
2026-05-08 12:43:57.553 INFO  o.s.boot.tomcat.TomcatWebServer - Tomcat initialized with port 8080 (http)
2026-05-08 12:43:57.570 INFO  o.a.coyote.http11.Http11NioProtocol - Initializing ProtocolHandler ["http-nio-8080"]
2026-05-08 12:43:57.573 INFO  o.a.catalina.core.StandardService - Starting service [Tomcat]
2026-05-08 12:43:57.573 INFO  o.a.catalina.core.StandardEngine - Starting Servlet engine: [Apache Tomcat/11.0.18]
2026-05-08 12:43:57.661 INFO  o.s.b.w.c.s.WebApplicationContextInitializer - Root WebApplicationContext: initialization completed in 1681 ms
2026-05-08 12:43:57.735 DEBUG c.b.c.RequestLoggingFilter - Filter 'requestLoggingFilter' configured for use
2026-05-08 12:43:57.812 INFO  com.zaxxer.hikari.HikariDataSource - HikariPool-1 - Starting...
2026-05-08 12:43:58.055 INFO  com.zaxxer.hikari.pool.HikariPool - HikariPool-1 - Added connection conn0: url=jdbc:h2:mem:testdb user=SA
2026-05-08 12:43:58.058 INFO  com.zaxxer.hikari.HikariDataSource - HikariPool-1 - Start completed.
2026-05-08 12:43:58.376 INFO  o.s.s.c.a.a.c.InitializeUserDetailsBeanManagerConfigurer$InitializeUserDetailsManagerConfigurer - Global AuthenticationManager configured with UserDetailsService bean with name userDetailsService
2026-05-08 12:44:00.305 DEBUG o.s.s.web.DefaultSecurityFilterChain - Will secure org.springframework.security.config.annotation.web.configurers.oauth2.server.authorization.OAuth2AuthorizationServerConfigurer$$Lambda/0x000001b28256a110@11148dc2 with filters: DisableEncodeUrlFilter, WebAsyncManagerIntegrationFilter, SecurityContextHolderFilter, AuthorizationServerContextFilter, HeaderWriterFilter, CorsFilter, CsrfFilter, LogoutFilter, OAuth2AuthorizationServerMetadataEndpointFilter, OAuth2AuthorizationCodeRequestValidatingFilter, NimbusJwkSetEndpointFilter, OAuth2ClientAuthenticationFilter, RequestCacheAwareFilter, SecurityContextHolderAwareRequestFilter, AnonymousAuthenticationFilter, ExceptionTranslationFilter, OAuth2AuthorizationEndpointFilter, OAuth2TokenEndpointFilter, OAuth2TokenIntrospectionEndpointFilter, OAuth2TokenRevocationEndpointFilter
2026-05-08 12:44:00.433 DEBUG o.s.s.web.DefaultSecurityFilterChain - Will secure Or [PathPattern [/add]] with filters: DisableEncodeUrlFilter, WebAsyncManagerIntegrationFilter, SecurityContextHolderFilter, HeaderWriterFilter, CorsFilter, CsrfFilter, LogoutFilter, OAuth2ProtectedResourceMetadataFilter, BearerTokenAuthenticationFilter, AuthenticationFilter, RequestCacheAwareFilter, SecurityContextHolderAwareRequestFilter, AnonymousAuthenticationFilter, ExceptionTranslationFilter, AuthorizationFilter
2026-05-08 12:44:00.499 DEBUG o.s.s.web.DefaultSecurityFilterChain - Will secure any request with filters: DisableEncodeUrlFilter, WebAsyncManagerIntegrationFilter, SecurityContextHolderFilter, HeaderWriterFilter, CorsFilter, CsrfFilter, LogoutFilter, UsernamePasswordAuthenticationFilter, RequestCacheAwareFilter, SecurityContextHolderAwareRequestFilter, AnonymousAuthenticationFilter, ExceptionTranslationFilter, AuthorizationFilter
2026-05-08 12:44:00.567 INFO  o.s.b.w.a.WelcomePageHandlerMapping - Adding welcome page template: index
2026-05-08 12:44:00.642 TRACE o.s.w.s.m.m.a.RequestMappingHandlerMapping - 
	c.b.c.AppointmentNotificationController:
	{POST [/appointments/{id}/notify]}: notifyAppointment(long)
2026-05-08 12:44:00.654 TRACE o.s.w.s.m.m.a.RequestMappingHandlerMapping - 
	c.b.c.c.AdminController:
	{POST [/admin/notify/{id}]}: notify(long)
	{POST [/admin/cancel/{id}]}: cancel(long)
	{GET [/admin/dashboard]}: dashboard(Model)
2026-05-08 12:44:00.657 TRACE o.s.w.s.m.m.a.RequestMappingHandlerMapping - 
	c.b.c.c.AppointmentController:
	{GET [/book]}: bookForm(long,Model)
	{GET [/slots]}: listSlots(Model)
	{GET [/confirmation]}: confirmation(Model)
	{POST [/book]}: submitBooking(long,String,String,String,RedirectAttributes)
	{GET [/appointments]}: listAppointments(Model)
2026-05-08 12:44:00.664 TRACE o.s.w.s.m.m.a.RequestMappingHandlerMapping - 
	c.b.c.c.HealthController:
	{GET [/health]}: health()
2026-05-08 12:44:00.666 TRACE o.s.w.s.m.m.a.RequestMappingHandlerMapping - 
	c.b.c.c.HomeController:
	{GET [/]}: home()
2026-05-08 12:44:00.666 TRACE o.s.w.s.m.m.a.RequestMappingHandlerMapping - 
	c.b.c.c.LoginController:
	{GET [/login]}: login()
2026-05-08 12:44:00.668 TRACE o.s.w.s.m.m.a.RequestMappingHandlerMapping - 
	c.b.c.c.TechnicianController:
	{GET [/technician/dashboard]}: dashboard(Model,Authentication)
	{POST [/technician/ready/{id}]}: markReady(long)
2026-05-08 12:44:00.670 TRACE o.s.w.s.m.m.a.RequestMappingHandlerMapping - 
	c.b.c.MathController:
	{GET [/add]}: add(int,int)
2026-05-08 12:44:00.671 TRACE o.s.w.s.m.m.a.RequestMappingHandlerMapping - 
	c.b.c.MockNotificationController:
	{POST [/mock/notify]}: notify(Map)
2026-05-08 12:44:00.678 TRACE o.s.w.s.m.m.a.RequestMappingHandlerMapping - 
	o.s.b.w.a.e.BasicErrorController:
	{ [/error]}: error(HttpServletRequest)
	{ [/error], produces [text/html]}: errorHtml(HttpServletRequest,HttpServletResponse)
2026-05-08 12:44:00.682 DEBUG o.s.w.s.m.m.a.RequestMappingHandlerMapping - 18 mappings in 'requestMappingHandlerMapping'
2026-05-08 12:44:00.926 INFO  o.a.coyote.http11.Http11NioProtocol - Starting ProtocolHandler ["http-nio-8080"]
2026-05-08 12:44:00.957 INFO  o.s.boot.tomcat.TomcatWebServer - Tomcat started on port 8080 (http) with context path '/'
2026-05-08 12:44:00.967 INFO  c.b.c.Cmpe172ProjectApplication - Started Cmpe172ProjectApplication in 5.854 seconds (process running for 6.768)
2026-05-08 12:44:30.680 INFO  o.a.c.c.C.[Tomcat].[localhost].[/] - Initializing Spring DispatcherServlet 'dispatcherServlet'
2026-05-08 12:44:30.680 INFO  o.s.web.servlet.DispatcherServlet - Initializing Servlet 'dispatcherServlet'
2026-05-08 12:44:30.680 DEBUG o.s.web.servlet.DispatcherServlet - Detected StandardServletMultipartResolver
2026-05-08 12:44:30.680 DEBUG o.s.web.servlet.DispatcherServlet - Detected AcceptHeaderLocaleResolver
2026-05-08 12:44:30.681 DEBUG o.s.web.servlet.DispatcherServlet - Detected org.springframework.web.servlet.view.DefaultRequestToViewNameTranslator@70e1c533
2026-05-08 12:44:30.681 DEBUG o.s.web.servlet.DispatcherServlet - Detected org.springframework.web.servlet.support.SessionFlashMapManager@344df681
2026-05-08 12:44:30.681 DEBUG o.s.web.servlet.DispatcherServlet - enableLoggingRequestDetails='false': request parameters and headers will be masked to prevent unsafe logging of potentially sensitive data
2026-05-08 12:44:30.682 INFO  o.s.web.servlet.DispatcherServlet - Completed initialization in 2 ms
2026-05-08 12:44:30.689 DEBUG o.s.security.web.FilterChainProxy - Securing GET /book?slotId=3
2026-05-08 12:44:30.702 DEBUG o.s.security.web.FilterChainProxy - Secured GET /book?slotId=3
2026-05-08 12:44:30.703 DEBUG o.s.web.servlet.DispatcherServlet - GET "/book?slotId=3", parameters={masked}
2026-05-08 12:44:30.708 TRACE o.s.w.s.m.m.a.RequestMappingHandlerMapping - Mapped to com.beaglescheduler.cmpe172project.controller.AppointmentController#bookForm(long, Model)
2026-05-08 12:44:30.722 DEBUG o.s.jdbc.core.JdbcTemplate - Executing prepared SQL query
2026-05-08 12:44:30.723 DEBUG o.s.jdbc.core.JdbcTemplate - Executing prepared SQL statement [SELECT s.slot_id, s.machine_id, s.start_date, s.end_date,        s.is_available, m.serial_number, svc.model_name, svc.daily_rate FROM availability_slots s JOIN machines m ON s.machine_id = m.machine_id JOIN services svc ON m.service_id = svc.service_id WHERE s.slot_id = ?]
2026-05-08 12:44:30.730 TRACE o.s.jdbc.core.StatementCreatorUtils - Setting SQL statement parameter value: column index 1, parameter value [3], value class [java.lang.Long], SQL type unknown
2026-05-08 12:44:30.743 INFO  c.b.c.c.AppointmentController - Booking form served for slotId=3
2026-05-08 12:44:30.954 DEBUG o.s.web.servlet.DispatcherServlet - Completed 200 OK
2026-05-08 12:44:30.955 DEBUG o.s.s.w.a.AnonymousAuthenticationFilter - Set SecurityContextHolder to anonymous SecurityContext
2026-05-08 12:44:30.955 INFO  HTTP - GET /book?slotId=3 -> 200 (272ms)
2026-05-08 12:44:31.004 DEBUG o.s.security.web.FilterChainProxy - Securing GET /favicon.ico
2026-05-08 12:44:31.005 DEBUG o.s.s.w.a.AnonymousAuthenticationFilter - Set SecurityContextHolder to anonymous SecurityContext
2026-05-08 12:44:31.007 DEBUG o.s.s.web.DefaultRedirectStrategy - Redirecting to /login
2026-05-08 12:44:31.007 INFO  HTTP - GET /favicon.ico -> 302 (3ms)
2026-05-08 12:44:31.013 DEBUG o.s.security.web.FilterChainProxy - Securing GET /login
2026-05-08 12:44:31.014 DEBUG o.s.security.web.FilterChainProxy - Secured GET /login
2026-05-08 12:44:31.014 DEBUG o.s.web.servlet.DispatcherServlet - GET "/login", parameters={}
2026-05-08 12:44:31.014 TRACE o.s.w.s.m.m.a.RequestMappingHandlerMapping - Mapped to com.beaglescheduler.cmpe172project.controller.LoginController#login()
2026-05-08 12:44:31.019 DEBUG o.s.web.servlet.DispatcherServlet - Completed 200 OK
2026-05-08 12:44:31.019 DEBUG o.s.s.w.a.AnonymousAuthenticationFilter - Set SecurityContextHolder to anonymous SecurityContext
2026-05-08 12:44:31.019 INFO  HTTP - GET /login -> 200 (6ms)
2026-05-08 12:44:36.853 DEBUG o.s.security.web.FilterChainProxy - Securing POST /book
2026-05-08 12:44:36.857 DEBUG o.s.security.web.FilterChainProxy - Secured POST /book
2026-05-08 12:44:36.857 DEBUG o.s.web.servlet.DispatcherServlet - POST "/book", parameters={masked}
2026-05-08 12:44:36.857 TRACE o.s.w.s.m.m.a.RequestMappingHandlerMapping - Mapped to com.beaglescheduler.cmpe172project.controller.AppointmentController#submitBooking(long, String, String, String, RedirectAttributes)
2026-05-08 12:44:36.865 INFO  c.b.c.service.AppointmentService - Booking attempt: slotId=3, customerEmail=evan.alekseyev@sjsu.edu
2026-05-08 12:44:36.866 DEBUG o.s.jdbc.core.JdbcTemplate - Executing prepared SQL update
2026-05-08 12:44:36.866 DEBUG o.s.jdbc.core.JdbcTemplate - Executing prepared SQL statement [UPDATE availability_slots SET is_available = FALSE WHERE slot_id = ? AND is_available = TRUE]
2026-05-08 12:44:36.868 TRACE o.s.jdbc.core.StatementCreatorUtils - Setting SQL statement parameter value: column index 1, parameter value [3], value class [java.lang.Long], SQL type unknown
2026-05-08 12:44:36.868 INFO  c.b.c.service.AppointmentService - Slot successfully marked unavailable: slotId=3
2026-05-08 12:44:36.868 DEBUG o.s.jdbc.core.JdbcTemplate - Executing prepared SQL query
2026-05-08 12:44:36.868 DEBUG o.s.jdbc.core.JdbcTemplate - Executing prepared SQL statement [SELECT s.slot_id, s.machine_id, s.start_date, s.end_date,        s.is_available, m.serial_number, svc.model_name, svc.daily_rate FROM availability_slots s JOIN machines m ON s.machine_id = m.machine_id JOIN services svc ON m.service_id = svc.service_id WHERE s.slot_id = ?]
2026-05-08 12:44:36.868 TRACE o.s.jdbc.core.StatementCreatorUtils - Setting SQL statement parameter value: column index 1, parameter value [3], value class [java.lang.Long], SQL type unknown
2026-05-08 12:44:36.869 DEBUG o.s.jdbc.core.JdbcTemplate - Executing prepared SQL query
2026-05-08 12:44:36.869 DEBUG o.s.jdbc.core.JdbcTemplate - Executing prepared SQL statement [SELECT user_id, name, email, phone, role, password FROM users WHERE email = ?]
2026-05-08 12:44:36.869 TRACE o.s.jdbc.core.StatementCreatorUtils - Setting SQL statement parameter value: column index 1, parameter value [evan.alekseyev@sjsu.edu], value class [java.lang.String], SQL type unknown
2026-05-08 12:44:36.870 DEBUG o.s.jdbc.core.JdbcTemplate - Executing SQL update and returning generated keys
2026-05-08 12:44:36.870 DEBUG o.s.jdbc.core.JdbcTemplate - Executing prepared SQL statement
2026-05-08 12:44:36.875 DEBUG o.s.jdbc.core.JdbcTemplate - Executing SQL update and returning generated keys
2026-05-08 12:44:36.875 DEBUG o.s.jdbc.core.JdbcTemplate - Executing prepared SQL statement
2026-05-08 12:44:36.875 DEBUG o.s.jdbc.core.JdbcTemplate - Executing prepared SQL query
2026-05-08 12:44:36.876 DEBUG o.s.jdbc.core.JdbcTemplate - Executing prepared SQL statement [SELECT user_id, name, email, phone, role, password FROM users WHERE role = ?]
2026-05-08 12:44:36.876 TRACE o.s.jdbc.core.StatementCreatorUtils - Setting SQL statement parameter value: column index 1, parameter value [TECHNICIAN], value class [java.lang.String], SQL type unknown
2026-05-08 12:44:36.878 DEBUG o.s.jdbc.core.JdbcTemplate - Executing prepared SQL update
2026-05-08 12:44:36.878 DEBUG o.s.jdbc.core.JdbcTemplate - Executing prepared SQL statement [UPDATE appointments SET assigned_technician_id=? WHERE appointment_id=?]
2026-05-08 12:44:36.878 TRACE o.s.jdbc.core.StatementCreatorUtils - Setting SQL statement parameter value: column index 1, parameter value [3], value class [java.lang.Long], SQL type unknown
2026-05-08 12:44:36.878 TRACE o.s.jdbc.core.StatementCreatorUtils - Setting SQL statement parameter value: column index 2, parameter value [1], value class [java.lang.Long], SQL type unknown
2026-05-08 12:44:36.879 INFO  c.b.c.service.AppointmentService - Assigned technician Tech Two to appointmentId=1
2026-05-08 12:44:36.879 DEBUG o.s.jdbc.core.JdbcTemplate - Executing prepared SQL query
2026-05-08 12:44:36.879 DEBUG o.s.jdbc.core.JdbcTemplate - Executing prepared SQL statement [SELECT a.appointment_id, a.slot_id, a.customer_id, a.machine_id, a.status,        a.customer_notes, a.booked_at, a.assigned_technician_id, a.machine_ready,        u.name AS customer_name, u.email AS customer_email,        m.serial_number, svc.model_name, svc.daily_rate,        s.start_date, s.end_date,        t.name AS assigned_technician_name FROM appointments a JOIN users u ON a.customer_id = u.user_id JOIN machines m ON a.machine_id = m.machine_id JOIN services svc ON m.service_id = svc.service_id JOIN availability_slots s ON a.slot_id = s.slot_id LEFT JOIN users t ON a.assigned_technician_id = t.user_id WHERE a.appointment_id = ?]
2026-05-08 12:44:36.883 TRACE o.s.jdbc.core.StatementCreatorUtils - Setting SQL statement parameter value: column index 1, parameter value [1], value class [java.lang.Long], SQL type unknown
2026-05-08 12:44:36.885 INFO  c.b.c.service.AppointmentService - Booking confirmed: appointmentId=1, slotId=3, machine=JD6M-2020-002, days=4, totalCost=$1400.00, tech=Tech Two
2026-05-08 12:44:36.894 DEBUG o.s.web.servlet.DispatcherServlet - Completed 302 FOUND
2026-05-08 12:44:36.895 DEBUG o.s.s.w.a.AnonymousAuthenticationFilter - Set SecurityContextHolder to anonymous SecurityContext
2026-05-08 12:44:36.895 INFO  HTTP - POST /book -> 302 (42ms)
2026-05-08 12:44:36.899 DEBUG o.s.security.web.FilterChainProxy - Securing GET /confirmation
2026-05-08 12:44:36.899 DEBUG o.s.security.web.FilterChainProxy - Secured GET /confirmation
2026-05-08 12:44:36.899 DEBUG o.s.web.servlet.DispatcherServlet - GET "/confirmation", parameters={}
2026-05-08 12:44:36.900 TRACE o.s.w.s.m.m.a.RequestMappingHandlerMapping - Mapped to com.beaglescheduler.cmpe172project.controller.AppointmentController#confirmation(Model)
2026-05-08 12:44:36.909 DEBUG o.s.web.servlet.DispatcherServlet - Completed 200 OK
2026-05-08 12:44:36.909 DEBUG o.s.s.w.a.AnonymousAuthenticationFilter - Set SecurityContextHolder to anonymous SecurityContext
2026-05-08 12:44:36.909 INFO  HTTP - GET /confirmation -> 200 (11ms)
2026-05-08 12:44:36.934 DEBUG o.s.security.web.FilterChainProxy - Securing GET /favicon.ico
2026-05-08 12:44:36.934 DEBUG o.s.s.w.a.AnonymousAuthenticationFilter - Set SecurityContextHolder to anonymous SecurityContext
2026-05-08 12:44:36.935 DEBUG o.s.s.web.DefaultRedirectStrategy - Redirecting to /login
2026-05-08 12:44:36.935 INFO  HTTP - GET /favicon.ico -> 302 (2ms)
2026-05-08 12:44:36.937 DEBUG o.s.security.web.FilterChainProxy - Securing GET /login
2026-05-08 12:44:36.937 DEBUG o.s.security.web.FilterChainProxy - Secured GET /login
2026-05-08 12:44:36.937 DEBUG o.s.web.servlet.DispatcherServlet - GET "/login", parameters={}
2026-05-08 12:44:36.938 TRACE o.s.w.s.m.m.a.RequestMappingHandlerMapping - Mapped to com.beaglescheduler.cmpe172project.controller.LoginController#login()
2026-05-08 12:44:36.940 DEBUG o.s.web.servlet.DispatcherServlet - Completed 200 OK
2026-05-08 12:44:36.940 DEBUG o.s.s.w.a.AnonymousAuthenticationFilter - Set SecurityContextHolder to anonymous SecurityContext
2026-05-08 12:44:36.940 INFO  HTTP - GET /login -> 200 (3ms)
2026-05-08 12:47:02.171 DEBUG o.s.security.web.FilterChainProxy - Securing GET /appointments
2026-05-08 12:47:02.172 DEBUG o.s.security.web.FilterChainProxy - Secured GET /appointments
2026-05-08 12:47:02.172 DEBUG o.s.web.servlet.DispatcherServlet - GET "/appointments", parameters={}
2026-05-08 12:47:02.173 TRACE o.s.w.s.m.m.a.RequestMappingHandlerMapping - Mapped to com.beaglescheduler.cmpe172project.controller.AppointmentController#listAppointments(Model)
2026-05-08 12:47:02.175 DEBUG o.s.jdbc.core.JdbcTemplate - Executing SQL query [SELECT a.appointment_id, a.slot_id, a.customer_id, a.machine_id, a.status,        a.customer_notes, a.booked_at, a.assigned_technician_id, a.machine_ready,        u.name AS customer_name, u.email AS customer_email,        m.serial_number, svc.model_name, svc.daily_rate,        s.start_date, s.end_date,        t.name AS assigned_technician_name FROM appointments a JOIN users u ON a.customer_id = u.user_id JOIN machines m ON a.machine_id = m.machine_id JOIN services svc ON m.service_id = svc.service_id JOIN availability_slots s ON a.slot_id = s.slot_id LEFT JOIN users t ON a.assigned_technician_id = t.user_id ORDER BY a.booked_at DESC]
2026-05-08 12:47:02.193 DEBUG o.s.web.servlet.DispatcherServlet - Completed 200 OK
2026-05-08 12:47:02.194 DEBUG o.s.s.w.a.AnonymousAuthenticationFilter - Set SecurityContextHolder to anonymous SecurityContext
2026-05-08 12:47:02.194 INFO  HTTP - GET /appointments -> 200 (23ms)
2026-05-08 12:47:02.232 DEBUG o.s.security.web.FilterChainProxy - Securing GET /favicon.ico
2026-05-08 12:47:02.232 DEBUG o.s.s.w.a.AnonymousAuthenticationFilter - Set SecurityContextHolder to anonymous SecurityContext
2026-05-08 12:47:02.233 DEBUG o.s.s.web.DefaultRedirectStrategy - Redirecting to /login
2026-05-08 12:47:02.233 INFO  HTTP - GET /favicon.ico -> 302 (1ms)
2026-05-08 12:47:02.244 DEBUG o.s.security.web.FilterChainProxy - Securing GET /login
2026-05-08 12:47:02.245 DEBUG o.s.security.web.FilterChainProxy - Secured GET /login
2026-05-08 12:47:02.246 DEBUG o.s.web.servlet.DispatcherServlet - GET "/login", parameters={}
2026-05-08 12:47:02.246 TRACE o.s.w.s.m.m.a.RequestMappingHandlerMapping - Mapped to com.beaglescheduler.cmpe172project.controller.LoginController#login()
2026-05-08 12:47:02.248 DEBUG o.s.web.servlet.DispatcherServlet - Completed 200 OK
2026-05-08 12:47:02.249 DEBUG o.s.s.w.a.AnonymousAuthenticationFilter - Set SecurityContextHolder to anonymous SecurityContext
2026-05-08 12:47:02.249 INFO  HTTP - GET /login -> 200 (5ms)
2026-05-08 12:47:14.556 DEBUG o.s.security.web.FilterChainProxy - Securing GET /admin
2026-05-08 12:47:14.556 DEBUG o.s.s.w.a.AnonymousAuthenticationFilter - Set SecurityContextHolder to anonymous SecurityContext
2026-05-08 12:47:14.562 DEBUG o.s.s.w.s.HttpSessionRequestCache - Saved request http://localhost:8080/admin?continue to session
2026-05-08 12:47:14.562 DEBUG o.s.s.web.DefaultRedirectStrategy - Redirecting to /login
2026-05-08 12:47:14.562 INFO  HTTP - GET /admin -> 302 (6ms)
2026-05-08 12:47:14.566 DEBUG o.s.security.web.FilterChainProxy - Securing GET /login
2026-05-08 12:47:14.566 DEBUG o.s.security.web.FilterChainProxy - Secured GET /login
2026-05-08 12:47:14.566 DEBUG o.s.web.servlet.DispatcherServlet - GET "/login", parameters={}
2026-05-08 12:47:14.566 TRACE o.s.w.s.m.m.a.RequestMappingHandlerMapping - Mapped to com.beaglescheduler.cmpe172project.controller.LoginController#login()
2026-05-08 12:47:14.568 DEBUG o.s.web.servlet.DispatcherServlet - Completed 200 OK
2026-05-08 12:47:14.568 DEBUG o.s.s.w.a.AnonymousAuthenticationFilter - Set SecurityContextHolder to anonymous SecurityContext
2026-05-08 12:47:14.568 INFO  HTTP - GET /login -> 200 (3ms)
2026-05-08 12:47:14.606 DEBUG o.s.security.web.FilterChainProxy - Securing GET /css/beagle.css
2026-05-08 12:47:14.606 DEBUG o.s.security.web.FilterChainProxy - Secured GET /css/beagle.css
2026-05-08 12:47:14.606 DEBUG o.s.web.servlet.DispatcherServlet - GET "/css/beagle.css", parameters={}
2026-05-08 12:47:14.616 DEBUG o.s.web.servlet.DispatcherServlet - Completed 200 OK
2026-05-08 12:47:14.617 DEBUG o.s.s.w.a.AnonymousAuthenticationFilter - Set SecurityContextHolder to anonymous SecurityContext
2026-05-08 12:47:14.617 INFO  HTTP - GET /css/beagle.css -> 200 (12ms)
2026-05-08 12:47:14.756 DEBUG o.s.security.web.FilterChainProxy - Securing GET /favicon.ico
2026-05-08 12:47:14.756 DEBUG o.s.s.w.a.AnonymousAuthenticationFilter - Set SecurityContextHolder to anonymous SecurityContext
2026-05-08 12:47:14.757 DEBUG o.s.s.web.DefaultRedirectStrategy - Redirecting to /login
2026-05-08 12:47:14.757 INFO  HTTP - GET /favicon.ico -> 302 (2ms)
2026-05-08 12:47:14.760 DEBUG o.s.security.web.FilterChainProxy - Securing GET /login
2026-05-08 12:47:14.760 DEBUG o.s.security.web.FilterChainProxy - Secured GET /login
2026-05-08 12:47:14.761 DEBUG o.s.web.servlet.DispatcherServlet - GET "/login", parameters={}
2026-05-08 12:47:14.761 TRACE o.s.w.s.m.m.a.RequestMappingHandlerMapping - Mapped to com.beaglescheduler.cmpe172project.controller.LoginController#login()
2026-05-08 12:47:14.762 DEBUG o.s.web.servlet.DispatcherServlet - Completed 200 OK
2026-05-08 12:47:14.762 DEBUG o.s.s.w.a.AnonymousAuthenticationFilter - Set SecurityContextHolder to anonymous SecurityContext
2026-05-08 12:47:14.763 INFO  HTTP - GET /login -> 200 (2ms)
2026-05-08 12:47:21.297 DEBUG o.s.security.web.FilterChainProxy - Securing POST /login
2026-05-08 12:47:21.372 DEBUG o.s.jdbc.core.JdbcTemplate - Executing prepared SQL query
2026-05-08 12:47:21.372 DEBUG o.s.jdbc.core.JdbcTemplate - Executing prepared SQL statement [SELECT email, password, role FROM users WHERE email = ?]
2026-05-08 12:47:21.372 TRACE o.s.jdbc.core.StatementCreatorUtils - Setting SQL statement parameter value: column index 1, parameter value [admin@beagle.com], value class [java.lang.String], SQL type unknown
2026-05-08 12:47:21.449 DEBUG o.s.s.a.d.DaoAuthenticationProvider - Authenticated user
2026-05-08 12:47:21.449 DEBUG o.s.s.w.a.s.ChangeSessionIdAuthenticationStrategy - Changed session id from 441EC50EC7CD53730704958D340BC6F9
2026-05-08 12:47:21.449 DEBUG o.s.s.w.c.CsrfAuthenticationStrategy - Replaced CSRF Token
2026-05-08 12:47:21.450 DEBUG o.s.s.w.c.HttpSessionSecurityContextRepository - Stored SecurityContextImpl [Authentication=UsernamePasswordAuthenticationToken [Principal=org.springframework.security.core.userdetails.User [Username=admin@beagle.com, Password=[PROTECTED], Enabled=true, AccountNonExpired=true, CredentialsNonExpired=true, AccountNonLocked=true, Granted Authorities=[ROLE_ADMIN]], Credentials=[PROTECTED], Authenticated=true, Details=WebAuthenticationDetails [RemoteIpAddress=0:0:0:0:0:0:0:1, SessionId=441EC50EC7CD53730704958D340BC6F9], Granted Authorities=[ROLE_ADMIN, FactorGrantedAuthority [authority=FACTOR_PASSWORD, issuedAt=2026-05-08T19:47:21.449016800Z]]]] to HttpSession [org.apache.catalina.session.StandardSessionFacade@7155dbe]
2026-05-08 12:47:21.450 DEBUG o.s.s.w.a.UsernamePasswordAuthenticationFilter - Set SecurityContextHolder to UsernamePasswordAuthenticationToken [Principal=org.springframework.security.core.userdetails.User [Username=admin@beagle.com, Password=[PROTECTED], Enabled=true, AccountNonExpired=true, CredentialsNonExpired=true, AccountNonLocked=true, Granted Authorities=[ROLE_ADMIN]], Credentials=[PROTECTED], Authenticated=true, Details=WebAuthenticationDetails [RemoteIpAddress=0:0:0:0:0:0:0:1, SessionId=441EC50EC7CD53730704958D340BC6F9], Granted Authorities=[ROLE_ADMIN, FactorGrantedAuthority [authority=FACTOR_PASSWORD, issuedAt=2026-05-08T19:47:21.449016800Z]]]
2026-05-08 12:47:21.450 DEBUG o.s.s.web.DefaultRedirectStrategy - Redirecting to http://localhost:8080/admin?continue
2026-05-08 12:47:21.450 INFO  HTTP - POST /login -> 302 (154ms)
2026-05-08 12:47:21.454 DEBUG o.s.security.web.FilterChainProxy - Securing GET /admin?continue
2026-05-08 12:47:21.454 DEBUG o.s.s.w.s.HttpSessionRequestCache - Loaded matching saved request http://localhost:8080/admin?continue
2026-05-08 12:47:21.455 DEBUG o.s.s.w.c.HttpSessionSecurityContextRepository - Retrieved SecurityContextImpl [Authentication=UsernamePasswordAuthenticationToken [Principal=org.springframework.security.core.userdetails.User [Username=admin@beagle.com, Password=[PROTECTED], Enabled=true, AccountNonExpired=true, CredentialsNonExpired=true, AccountNonLocked=true, Granted Authorities=[ROLE_ADMIN]], Credentials=[PROTECTED], Authenticated=true, Details=WebAuthenticationDetails [RemoteIpAddress=0:0:0:0:0:0:0:1, SessionId=441EC50EC7CD53730704958D340BC6F9], Granted Authorities=[ROLE_ADMIN, FactorGrantedAuthority [authority=FACTOR_PASSWORD, issuedAt=2026-05-08T19:47:21.449016800Z]]]]
2026-05-08 12:47:21.455 DEBUG o.s.security.web.FilterChainProxy - Secured GET /admin?continue
2026-05-08 12:47:21.455 DEBUG o.s.web.servlet.DispatcherServlet - GET "/admin?continue", parameters={masked}
2026-05-08 12:47:21.459 DEBUG o.s.web.servlet.DispatcherServlet - Completed 404 NOT_FOUND
2026-05-08 12:47:21.459 INFO  HTTP - GET /admin?continue -> 404 (6ms)
2026-05-08 12:47:21.462 DEBUG o.s.security.web.FilterChainProxy - Securing GET /error?continue
2026-05-08 12:47:21.462 DEBUG o.s.s.w.c.HttpSessionSecurityContextRepository - Retrieved SecurityContextImpl [Authentication=UsernamePasswordAuthenticationToken [Principal=org.springframework.security.core.userdetails.User [Username=admin@beagle.com, Password=[PROTECTED], Enabled=true, AccountNonExpired=true, CredentialsNonExpired=true, AccountNonLocked=true, Granted Authorities=[ROLE_ADMIN]], Credentials=[PROTECTED], Authenticated=true, Details=WebAuthenticationDetails [RemoteIpAddress=0:0:0:0:0:0:0:1, SessionId=441EC50EC7CD53730704958D340BC6F9], Granted Authorities=[ROLE_ADMIN, FactorGrantedAuthority [authority=FACTOR_PASSWORD, issuedAt=2026-05-08T19:47:21.449016800Z]]]]
2026-05-08 12:47:21.462 DEBUG o.s.security.web.FilterChainProxy - Secured GET /error?continue
2026-05-08 12:47:21.462 DEBUG o.s.web.servlet.DispatcherServlet - "ERROR" dispatch for GET "/error?continue", parameters={masked}
2026-05-08 12:47:21.463 TRACE o.s.w.s.m.m.a.RequestMappingHandlerMapping - 2 matching mappings: [{ [/error], produces [text/html]}, { [/error]}]
2026-05-08 12:47:21.463 TRACE o.s.w.s.m.m.a.RequestMappingHandlerMapping - Mapped to org.springframework.boot.webmvc.autoconfigure.error.BasicErrorController#errorHtml(HttpServletRequest, HttpServletResponse)
2026-05-08 12:47:21.471 DEBUG o.s.web.servlet.DispatcherServlet - Exiting from "ERROR" dispatch, status 404
2026-05-08 12:47:21.495 DEBUG o.s.security.web.FilterChainProxy - Securing GET /favicon.ico
2026-05-08 12:47:21.496 DEBUG o.s.s.w.c.HttpSessionSecurityContextRepository - Retrieved SecurityContextImpl [Authentication=UsernamePasswordAuthenticationToken [Principal=org.springframework.security.core.userdetails.User [Username=admin@beagle.com, Password=[PROTECTED], Enabled=true, AccountNonExpired=true, CredentialsNonExpired=true, AccountNonLocked=true, Granted Authorities=[ROLE_ADMIN]], Credentials=[PROTECTED], Authenticated=true, Details=WebAuthenticationDetails [RemoteIpAddress=0:0:0:0:0:0:0:1, SessionId=441EC50EC7CD53730704958D340BC6F9], Granted Authorities=[ROLE_ADMIN, FactorGrantedAuthority [authority=FACTOR_PASSWORD, issuedAt=2026-05-08T19:47:21.449016800Z]]]]
2026-05-08 12:47:21.496 DEBUG o.s.security.web.FilterChainProxy - Secured GET /favicon.ico
2026-05-08 12:47:21.496 DEBUG o.s.web.servlet.DispatcherServlet - GET "/favicon.ico", parameters={}
2026-05-08 12:47:21.498 DEBUG o.s.web.servlet.DispatcherServlet - Completed 404 NOT_FOUND
2026-05-08 12:47:21.499 INFO  HTTP - GET /favicon.ico -> 404 (4ms)
2026-05-08 12:47:21.499 DEBUG o.s.security.web.FilterChainProxy - Securing GET /error
2026-05-08 12:47:21.499 DEBUG o.s.s.w.c.HttpSessionSecurityContextRepository - Retrieved SecurityContextImpl [Authentication=UsernamePasswordAuthenticationToken [Principal=org.springframework.security.core.userdetails.User [Username=admin@beagle.com, Password=[PROTECTED], Enabled=true, AccountNonExpired=true, CredentialsNonExpired=true, AccountNonLocked=true, Granted Authorities=[ROLE_ADMIN]], Credentials=[PROTECTED], Authenticated=true, Details=WebAuthenticationDetails [RemoteIpAddress=0:0:0:0:0:0:0:1, SessionId=441EC50EC7CD53730704958D340BC6F9], Granted Authorities=[ROLE_ADMIN, FactorGrantedAuthority [authority=FACTOR_PASSWORD, issuedAt=2026-05-08T19:47:21.449016800Z]]]]
2026-05-08 12:47:21.499 DEBUG o.s.security.web.FilterChainProxy - Secured GET /error
2026-05-08 12:47:21.499 DEBUG o.s.web.servlet.DispatcherServlet - "ERROR" dispatch for GET "/error", parameters={}
2026-05-08 12:47:21.500 TRACE o.s.w.s.m.m.a.RequestMappingHandlerMapping - 2 matching mappings: [{ [/error]}, { [/error], produces [text/html]}]
2026-05-08 12:47:21.500 TRACE o.s.w.s.m.m.a.RequestMappingHandlerMapping - Mapped to org.springframework.boot.webmvc.autoconfigure.error.BasicErrorController#error(HttpServletRequest)
2026-05-08 12:47:21.538 DEBUG o.s.web.servlet.DispatcherServlet - Exiting from "ERROR" dispatch, status 404
2026-05-08 12:47:26.786 DEBUG o.s.security.web.FilterChainProxy - Securing GET /admin/dashboard
2026-05-08 12:47:26.787 DEBUG o.s.s.w.c.HttpSessionSecurityContextRepository - Retrieved SecurityContextImpl [Authentication=UsernamePasswordAuthenticationToken [Principal=org.springframework.security.core.userdetails.User [Username=admin@beagle.com, Password=[PROTECTED], Enabled=true, AccountNonExpired=true, CredentialsNonExpired=true, AccountNonLocked=true, Granted Authorities=[ROLE_ADMIN]], Credentials=[PROTECTED], Authenticated=true, Details=WebAuthenticationDetails [RemoteIpAddress=0:0:0:0:0:0:0:1, SessionId=441EC50EC7CD53730704958D340BC6F9], Granted Authorities=[ROLE_ADMIN, FactorGrantedAuthority [authority=FACTOR_PASSWORD, issuedAt=2026-05-08T19:47:21.449016800Z]]]]
2026-05-08 12:47:26.787 DEBUG o.s.security.web.FilterChainProxy - Secured GET /admin/dashboard
2026-05-08 12:47:26.787 DEBUG o.s.web.servlet.DispatcherServlet - GET "/admin/dashboard", parameters={}
2026-05-08 12:47:26.787 TRACE o.s.w.s.m.m.a.RequestMappingHandlerMapping - Mapped to com.beaglescheduler.cmpe172project.controller.AdminController#dashboard(Model)
2026-05-08 12:47:26.788 DEBUG o.s.jdbc.core.JdbcTemplate - Executing SQL query [SELECT a.appointment_id, a.slot_id, a.customer_id, a.machine_id, a.status,        a.customer_notes, a.booked_at, a.assigned_technician_id, a.machine_ready,        u.name AS customer_name, u.email AS customer_email,        m.serial_number, svc.model_name, svc.daily_rate,        s.start_date, s.end_date,        t.name AS assigned_technician_name FROM appointments a JOIN users u ON a.customer_id = u.user_id JOIN machines m ON a.machine_id = m.machine_id JOIN services svc ON m.service_id = svc.service_id JOIN availability_slots s ON a.slot_id = s.slot_id LEFT JOIN users t ON a.assigned_technician_id = t.user_id ORDER BY a.booked_at DESC]
2026-05-08 12:47:26.789 DEBUG o.s.jdbc.core.JdbcTemplate - Executing SQL query [SELECT user_id, name, email, phone, role, password FROM users ORDER BY user_id]
2026-05-08 12:47:26.807 DEBUG o.s.web.servlet.DispatcherServlet - Completed 200 OK
2026-05-08 12:47:26.807 INFO  HTTP - GET /admin/dashboard -> 200 (21ms)
